date,cost,cost_type,department
2023-03-28,7691.0071569413585,COGS,Marketing
2023-11-17,2045.1305321853204,COGS,Marketing
2023-06-05,5411.235187955027,Admin,Support
2023-11-04,825.4752061703889,Marketing,Sales
2023-10-13,998.1230336107619,Admin,Sales
2023-07-05,4638.711681676888,Operating,Support
2023-07-01,1287.0438524596211,Marketing,Marketing
2023-05-23,667.60091320143,Operating,Sales
2023-07-25,1786.3474823601664,COGS,Marketing
2023-05-22,4736.368782496808,Marketing,Sales
2023-07-04,5775.057158891993,Operating,Support
2023-08-29,2018.58923106035,COGS,Engineering
2023-01-08,5511.945779061309,Operating,Engineering
2023-03-13,1868.57248324422,Operating,Marketing
2023-10-15,5100.930699734428,Admin,Marketing
2023-04-05,3589.697599218491,COGS,Sales
2023-06-06,5403.496320002126,Admin,Support
2023-02-10,7962.895643594355,Marketing,Sales
2023-11-27,7533.627239244215,COGS,Support
2023-10-28,532.1131837707773,Admin,Support
2023-09-26,7140.790732717293,Admin,Marketing
2023-06-04,998.680963810749,Marketing,Engineering
2023-10-02,7647.849396198837,Operating,Engineering
2023-06-03,2613.692593247635,Operating,Marketing
2023-02-22,3365.2612280845324,Operating,Engineering
2023-06-28,1187.286538817959,Marketing,Marketing
2023-08-28,1342.045687466822,Admin,Sales
2023-05-17,5950.554239219897,COGS,Support
2023-09-12,7582.491768112187,Marketing,Engineering
2023-08-12,5080.613712157321,Operating,Engineering
2023-06-29,5868.875116451083,Operating,Sales
2023-07-01,6214.773084478651,COGS,Sales
2023-09-16,2471.1070591470625,Marketing,Engineering
2023-08-31,839.222231901612,Operating,Engineering
2023-04-06,514.0455793937643,Marketing,Marketing
2023-07-16,3129.86962215514,Admin,Marketing
2023-01-14,2310.9817114941206,Marketing,Engineering
2023-04-30,967.3829378688923,Admin,Marketing
2023-09-26,1846.4621937025006,COGS,Sales
2023-06-20,1433.7417370096086,Admin,Support
2023-03-13,7361.587854630277,Admin,Marketing
2023-06-28,1552.0041009437668,COGS,Support
2023-06-19,4532.3634799075935,Operating,Marketing
2023-06-08,4948.294663341234,COGS,Engineering
2023-06-03,4576.1709328147535,Marketing,Marketing
2023-03-23,1242.9232566199098,COGS,Support
2023-02-26,2890.987713129134,Marketing,Support
2023-01-07,884.5274934736494,Operating,Engineering
2023-04-22,3467.5243557223703,Marketing,Support
2023-02-17,1914.49198453694,COGS,Engineering
2023-03-21,4712.2439996328485,COGS,Engineering
2023-11-12,5696.062953868254,Operating,Support
2023-02-02,4490.898951535299,COGS,Sales
2023-04-25,3756.775224585468,Operating,Support
2023-01-03,3405.000656425193,Operating,Support
2023-01-04,6812.688260727528,COGS,Marketing
2023-12-22,2145.2604879895252,Admin,Support
2023-09-17,6006.637546466516,Marketing,Marketing
2023-02-11,6181.117435550893,Admin,Marketing
2023-01-09,3644.0000545305084,Operating,Support
2023-11-03,2729.754494192295,Marketing,Engineering
2023-05-25,4029.061145344814,Admin,Sales
2023-04-07,1199.1044441952388,COGS,Support
2023-10-03,844.4752417181749,Admin,Support
2023-05-22,1337.0239958891884,Marketing,Engineering
2023-10-05,1903.5877359666963,Marketing,Marketing
2023-01-27,4281.326152535323,Marketing,Engineering
2023-02-12,6868.524771208416,Marketing,Engineering
2023-05-11,2267.317489997652,Admin,Marketing
2023-08-04,7513.715080600836,COGS,Support
2023-04-04,7661.809317012526,COGS,Engineering
2023-01-08,7691.784536339039,Marketing,Engineering
2023-03-27,6781.720510072429,COGS,Support
2023-12-11,3228.6878059829046,Admin,Support
2023-05-18,1045.129332519673,COGS,Sales
2023-09-03,4766.140488248711,Operating,Engineering
2023-01-21,4690.110829529253,COGS,Sales
2023-09-22,6874.818253321967,Marketing,Marketing
2023-05-28,7969.932882095789,COGS,Support
2023-07-03,4311.179799201107,COGS,Support
2023-08-15,3089.030232798382,COGS,Sales
2023-10-19,1894.2628366720025,COGS,Engineering
2023-02-05,535.9986861302805,Operating,Marketing
2023-09-03,4318.352693666594,Admin,Engineering
2023-03-14,4666.390000269468,Marketing,Engineering
2023-05-30,6687.038598630481,Marketing,Sales
2023-01-01,4284.327259196005,COGS,Engineering
2023-03-10,7373.512614995424,Admin,Sales
2023-10-20,5210.626074285766,COGS,Support
2023-08-18,6802.521786658123,Operating,Support
2023-07-30,1612.2630110581033,Admin,Support
2023-03-13,6915.020977267361,Admin,Marketing
2023-12-29,5563.578908328863,Admin,Marketing
2023-04-06,1776.7477432874791,Admin,Engineering
2023-03-25,1923.2266860950815,COGS,Sales
2023-08-16,7448.75464283166,Operating,Engineering
2023-10-26,741.6152033777965,Admin,Support
2023-08-24,3969.0120747177957,Marketing,Engineering
2023-10-20,2851.0646745057616,Marketing,Engineering
2023-08-10,5488.080799988211,Operating,Engineering
2023-08-11,6797.22040676744,Marketing,Support
2023-10-08,3202.8359116742718,COGS,Sales
2023-08-09,3701.765654921279,COGS,Engineering
2023-08-04,7864.383383760606,Operating,Support
2023-08-19,6379.373822594021,Admin,Marketing
2023-06-18,7229.030981988436,Marketing,Sales
2023-11-25,3790.716654887223,Marketing,Support
2023-02-11,2255.571529880864,Operating,Engineering
2023-09-15,3588.9759903983877,Operating,Support
2023-07-15,5870.689383736351,Marketing,Sales
2023-04-06,1320.7280362698448,Admin,Engineering
2023-11-13,2528.5182921238165,Operating,Marketing
2023-01-14,849.7692534619279,COGS,Marketing
2023-04-23,3742.6080375359866,Marketing,Marketing
2023-03-18,6705.8430198471,Operating,Support
2023-10-04,684.977662235081,Operating,Sales
2023-11-16,5564.926451053745,Operating,Marketing
2023-06-09,7493.7190588530475,Marketing,Engineering
2023-11-09,2276.958961333867,COGS,Engineering
2023-04-29,5702.261305457361,COGS,Engineering
2023-06-10,7813.264258251503,Marketing,Support
2023-11-04,7717.085451143474,Operating,Sales
2023-12-17,2261.968947718575,Marketing,Sales
2023-05-26,1252.4828990905153,Marketing,Marketing
2023-06-12,1612.1190342193695,Operating,Sales
2023-06-28,5765.267513616066,Marketing,Engineering
2023-03-30,5943.191565899567,Admin,Engineering
2023-08-11,5556.774212211492,COGS,Support
2023-09-23,3020.5879080667855,Admin,Engineering
2023-08-27,1773.327048185916,Admin,Sales
2023-11-04,4855.708189641899,Admin,Engineering
2023-02-03,4127.603343183999,Marketing,Marketing
2023-06-16,5966.256103417276,Operating,Support
2023-05-05,3810.2005901421608,Marketing,Support
2023-08-12,3039.7977101485126,COGS,Sales
2023-05-30,2701.089330192608,Marketing,Engineering
2023-07-08,2086.027400373099,Marketing,Engineering
2023-02-12,2493.0978213999606,Marketing,Sales
2023-01-29,1211.2282913307602,Marketing,Sales
2023-12-28,3101.4275819666714,Admin,Marketing
2023-04-30,774.2735927221865,Operating,Sales
2023-12-03,1898.103853747451,COGS,Engineering
2023-01-31,6100.778334645718,COGS,Marketing
2023-06-30,2941.0174150746698,COGS,Support
2023-06-11,5511.777627330079,Marketing,Engineering
2023-05-08,5876.63131697958,COGS,Support
2023-09-12,4858.890070490851,Admin,Support
2023-10-21,7690.233060240488,Operating,Support
2023-12-23,660.7989996733495,Marketing,Engineering
2023-09-11,6039.894879411066,Marketing,Support
2023-05-10,7690.89982955306,Admin,Engineering
2023-01-12,6967.037970147045,COGS,Support
2023-02-04,1759.1951885376,Marketing,Sales
2023-07-17,2951.152296887991,Marketing,Sales
2023-09-05,1793.3887990734904,Admin,Engineering
2023-04-20,5009.812728610281,Admin,Support
2023-11-24,5841.409864846192,COGS,Support
2023-09-02,2878.0532702229366,Operating,Support
2023-09-07,4546.299304882215,Operating,Sales
2024-01-01,5681.904275533962,COGS,Support
2023-11-13,3660.048624582863,Operating,Support
2023-06-12,6905.116478415945,Admin,Engineering
2023-02-17,6286.624514658629,Admin,Support
2023-03-12,984.99157887928,Admin,Sales
2023-05-14,5158.439743181218,Operating,Support
2023-08-27,2264.941632198122,Operating,Sales
2023-03-09,4681.386985004565,Marketing,Sales
2023-10-05,7676.6633197472465,Marketing,Marketing
2023-02-01,7092.9650341418765,Marketing,Sales
2023-05-03,3533.873023363488,Operating,Marketing
2023-01-22,2686.3539375826504,Marketing,Marketing
2023-06-04,2258.0430830619425,Admin,Support
2023-04-20,4493.8615231739,Operating,Marketing
2023-09-28,1356.8633994354225,COGS,Engineering
2023-10-27,4619.562560961865,Operating,Sales
2023-04-25,510.0022961809401,Marketing,Engineering
2023-08-08,2928.8722305938363,Operating,Marketing
2023-08-18,2149.5073537293592,Marketing,Support
2023-09-09,7784.1409247058655,Marketing,Sales
2023-09-06,5954.317396774843,COGS,Engineering
2023-01-09,3122.4003534667827,COGS,Support
2023-02-03,1196.3381489796539,Admin,Marketing
2023-08-16,4376.00446017968,Marketing,Support
2023-03-14,2100.8591099453174,Operating,Engineering
2023-10-28,4523.221594237683,COGS,Support
2023-07-31,6765.217656341693,COGS,Engineering
2023-03-13,5118.444140760391,Marketing,Support
2023-02-27,5253.413146587516,Operating,Sales
2023-08-08,4557.727167971087,COGS,Support
2023-10-02,7454.492244735568,COGS,Sales
2023-09-06,7489.270133154525,Operating,Engineering
2023-01-16,4345.424008051641,COGS,Sales
2023-03-16,2793.196153576283,Operating,Support
2023-04-16,3946.9025440958294,Marketing,Sales
2023-05-16,1899.1843414671175,COGS,Engineering
2023-03-15,5272.58236488567,Marketing,Support
2023-09-11,4250.692518366749,Operating,Sales
2023-01-18,1274.753583599599,Marketing,Sales
2023-02-12,1982.3583583971151,Marketing,Marketing
2023-02-19,4097.239671496451,Marketing,Sales
2023-01-03,7156.917430391438,Admin,Marketing
2023-08-20,4747.930404733231,Operating,Engineering
2023-08-07,5611.512501563531,Operating,Marketing
2023-02-28,3042.714123079323,Operating,Engineering
2023-10-11,4785.585447831757,Operating,Sales
2023-10-29,3855.3486697855055,Operating,Sales
2023-03-05,5443.474344673705,COGS,Marketing
2023-03-11,879.3167455925777,COGS,Engineering
2023-10-30,4199.751621792193,COGS,Sales
2023-05-22,2719.944688579752,Marketing,Marketing
2023-07-21,2946.3879595843196,Marketing,Marketing
2023-07-26,7706.880736685461,Operating,Marketing
2023-08-09,1870.2110953353708,Admin,Sales
2023-12-28,2834.3393943394767,Operating,Engineering
2023-09-03,4324.194317981539,COGS,Sales
2023-03-22,6972.7021111221775,Operating,Support
2023-09-08,3625.0256240477784,Marketing,Support
2023-02-20,6078.989606661283,Operating,Sales
2023-10-12,6922.805736611018,COGS,Engineering
2023-12-12,2825.122668663867,Operating,Marketing
2023-07-23,3445.6263765403246,Marketing,Support
2023-01-25,3174.171677662672,Admin,Support
2023-02-10,6746.4185646344085,COGS,Sales
2023-03-10,832.6014646520086,Operating,Support
2023-01-04,2813.1581662151,Marketing,Support
2023-08-28,5595.564181963474,COGS,Marketing
2023-12-27,4740.82624674007,COGS,Marketing
2023-01-31,3772.1701947027072,Marketing,Engineering
2023-04-27,4549.611704160383,Operating,Support
2023-07-14,1981.884393712387,Operating,Engineering
2023-03-31,3730.3746620600778,Operating,Engineering
2023-06-27,4262.7723813226185,COGS,Marketing
2023-05-25,7258.918414659513,Admin,Marketing
2023-07-21,2456.2637210298226,COGS,Sales
2023-11-18,7008.713766236994,Operating,Marketing
2023-12-10,5331.8105061948645,COGS,Engineering
2023-07-22,652.5562330070074,Admin,Support
2023-01-24,5934.735026745452,COGS,Engineering
2023-12-21,766.6390816179132,Marketing,Engineering
2023-04-15,7980.358451103598,Operating,Engineering
2023-10-02,7044.775157683984,Operating,Marketing
2023-11-18,2730.0781065503425,Operating,Engineering
2023-03-01,2430.584226475291,COGS,Sales
2023-01-15,3360.808115792067,COGS,Support
2023-03-26,3171.252239858323,COGS,Marketing
2023-07-16,3292.533637890358,Operating,Engineering
2023-08-23,2887.0740958961032,COGS,Sales
2023-12-10,5158.500551362486,Operating,Support
2023-09-20,1731.9774779046797,COGS,Engineering
2023-01-06,6844.859693345099,Operating,Support
2023-10-16,6593.018630234865,Marketing,Marketing
2023-02-27,4073.624058914528,COGS,Marketing
2023-05-25,6895.474739589107,Operating,Sales
2024-01-01,2353.5880252272,Marketing,Marketing
2023-02-11,631.7409177797521,Marketing,Sales
2023-12-16,5144.059437723673,Admin,Engineering
2023-07-19,3934.3205522353655,COGS,Support
2023-06-23,4753.7340972190295,Operating,Marketing
2023-12-01,7245.0455676380225,Admin,Support
2023-04-05,7774.441801744576,COGS,Support
2023-08-05,5258.398548167022,Marketing,Engineering
2023-04-21,6230.416923893288,COGS,Engineering
2023-12-19,1128.563251153732,Operating,Marketing
2023-06-29,1705.3668866862922,Marketing,Engineering
2023-06-12,5999.036037147324,Admin,Support
2023-04-29,3735.2409229100144,COGS,Sales
2023-11-21,3844.739528033043,COGS,Sales
2023-08-16,2814.5576122657744,Admin,Sales
2023-05-25,5055.172876083078,COGS,Marketing
2023-11-04,1888.7378406215196,COGS,Engineering
2023-05-22,5201.872094854217,COGS,Engineering
2023-05-02,1803.4914285142977,Marketing,Engineering
2023-10-12,978.6952603228519,Marketing,Engineering
2023-08-14,2977.6826652429577,Operating,Support
2023-12-26,2233.5525650738573,COGS,Sales
2023-09-14,7167.4372891724925,Operating,Support
2023-10-12,912.1509040146996,Marketing,Marketing
2023-06-14,1824.6026943059214,COGS,Sales
2023-08-09,4615.39704187287,Operating,Sales
2023-03-10,4108.003931356052,COGS,Support
2023-11-05,843.8901378102616,COGS,Marketing
2023-08-12,554.3932101135836,Admin,Marketing
2023-05-04,7910.509564708625,Operating,Sales
2023-12-10,5441.260252691286,Marketing,Engineering
2023-12-05,3240.545981761676,Operating,Marketing
2023-01-12,4028.24185747431,Operating,Support
2023-02-21,2499.125903407152,Operating,Marketing
2023-05-09,3086.5533776990733,Admin,Sales
2023-05-15,5367.833504511605,COGS,Engineering
2023-05-25,7121.08849150528,Marketing,Marketing
2023-05-07,1880.9751731088866,Admin,Sales
2023-08-14,6802.711290389891,Marketing,Marketing
2023-03-12,1411.674721387018,Admin,Engineering
2023-09-30,2112.441676912934,COGS,Support
2023-07-06,778.8146603723449,Marketing,Sales
2023-01-03,1556.088965697496,Operating,Sales
2023-10-12,7379.77359098038,Admin,Engineering
2023-01-22,3945.7905996378395,Marketing,Sales
2023-06-15,1082.4939633376516,COGS,Engineering
2023-11-06,7697.95128529221,Marketing,Sales
2023-12-29,7092.442308189876,Admin,Engineering
2023-09-03,6160.118906511059,COGS,Marketing
2023-08-22,7501.0459396066835,Operating,Marketing
2023-11-21,2150.9706562682313,Admin,Marketing
2023-06-07,6772.769697575647,Admin,Sales
2023-05-31,5674.933972657296,COGS,Engineering
2023-08-01,7023.194371757662,Admin,Engineering
2023-08-06,6476.8367430697235,Marketing,Support
2023-09-03,3098.7129738261874,Operating,Marketing
2023-10-30,6307.989027629417,Marketing,Support
2023-10-03,2468.4222723866774,COGS,Marketing
2023-05-31,2964.4412227104112,Admin,Support
2023-07-15,1309.2928791723211,Operating,Marketing
2023-01-21,7513.074619853515,COGS,Engineering
2023-09-14,2682.5252255021114,Marketing,Marketing
2023-01-17,4404.668488785888,Admin,Sales
2023-02-20,3434.996273496445,Admin,Marketing
2023-09-27,7699.460904376261,COGS,Marketing
2023-11-11,3012.868782038618,Marketing,Engineering
2023-03-24,6339.093660670168,Admin,Sales
2023-11-02,6915.621159733851,Marketing,Engineering
2023-05-04,3767.0487311072443,Operating,Support
2023-10-17,3336.2886083969843,Admin,Support
2023-09-19,6108.09365699471,Operating,Sales
2023-12-31,7346.719852296756,Admin,Support
2023-02-18,6161.987998041787,COGS,Sales
2023-01-06,2203.4477419389923,Admin,Marketing
2023-04-27,7162.30810578279,Admin,Support
2023-04-28,3406.8625057762483,Marketing,Marketing
2023-09-20,4821.720588334507,Marketing,Engineering
2023-12-19,6735.767144695333,Operating,Support
2023-05-09,1912.9607555036916,Operating,Engineering
2023-06-20,6383.826017581649,Operating,Engineering
2023-01-27,4971.220984330082,Admin,Sales
2023-07-18,7200.062313707062,Admin,Engineering
2023-11-10,1789.778013826572,Operating,Sales
2023-12-11,3655.1167778069635,COGS,Sales
2023-04-07,6746.323196501281,COGS,Sales
2023-01-17,644.2377759257013,Admin,Sales
2023-06-22,1341.5102507423214,COGS,Sales
2023-04-11,7929.239095675511,COGS,Marketing
2023-07-05,2602.9563394276292,Operating,Sales
2023-07-03,7816.573952929651,COGS,Support
2023-08-03,1868.9866325650544,COGS,Sales
2023-09-08,3208.2083225550173,Admin,Marketing
2023-08-04,6146.52083377678,Admin,Support
2023-01-29,5433.338054286339,Admin,Support
2023-04-12,4858.417999467917,COGS,Marketing
2023-05-03,4474.243818537557,Operating,Support
2023-02-23,6825.803327485552,Marketing,Marketing
2023-10-10,2262.1142212504456,Admin,Engineering
2023-04-12,3818.531952451388,Admin,Engineering
2023-04-27,1665.8921911734296,Admin,Sales
2023-04-14,4969.561967980283,Operating,Sales
2023-02-14,2379.0831820349013,Marketing,Sales
2023-04-24,3003.8154825753936,Marketing,Sales
2023-12-09,4034.380374676461,Admin,Marketing
2023-01-31,700.7793927734589,COGS,Engineering
2023-06-13,1189.5345194062825,Admin,Marketing
2023-07-08,5644.469155311647,Admin,Support
2023-10-20,3717.2748553813044,COGS,Support
2023-07-14,6985.926664999216,COGS,Support
2023-10-19,5710.040027331496,Admin,Support
2023-09-18,560.7570623549184,Operating,Support
2023-07-26,5125.342480753511,Operating,Engineering
2023-02-21,1202.936495447873,COGS,Marketing
2023-02-18,6356.998848428707,Admin,Support
2023-01-06,7936.307662088765,Operating,Sales
2023-08-12,4483.990956811336,Admin,Engineering
2023-01-23,5620.846251455978,Admin,Sales
2023-05-25,2279.856206710637,Admin,Engineering
2023-04-20,3781.983078153452,Operating,Engineering
2023-07-31,6920.7149917728775,Marketing,Sales
2023-10-27,1755.6721080968841,Admin,Sales
2023-02-10,2491.5170421032158,Operating,Support
2023-06-21,3840.7525646452264,Marketing,Sales
2023-07-05,5841.866688830105,COGS,Marketing
2023-08-02,3319.1296609675537,Operating,Engineering
2023-11-02,7457.992098372529,Marketing,Engineering
2023-02-21,1208.4278845153938,Operating,Support
2023-03-11,3281.031481586356,Marketing,Engineering
2023-07-15,5817.155925713164,Marketing,Sales
2023-05-31,2194.9007424611937,Operating,Engineering
2023-04-19,5423.098506722547,COGS,Engineering
2023-04-28,1731.6271867050946,Admin,Sales
2023-12-31,919.8521364626479,Marketing,Sales
2023-04-05,1407.6178756148665,Admin,Engineering
2023-09-13,7474.88587350601,COGS,Marketing
2023-02-13,4638.131622046635,Admin,Sales
2023-03-08,6472.593316097367,Admin,Marketing
2023-06-05,2994.908756787884,Operating,Marketing
2023-11-19,4944.93985914085,Operating,Support
2023-07-25,4212.141002787437,COGS,Marketing
2023-10-01,7593.034695517205,Operating,Support
2023-06-04,6106.809770405827,Marketing,Marketing
2023-06-28,5979.069736224343,COGS,Support
2023-03-01,847.6495207570965,Operating,Sales
2023-03-15,4622.522517527683,Operating,Engineering
2023-02-18,4002.4359042636115,COGS,Engineering
2023-09-28,7458.816999546459,Marketing,Support
2023-03-14,2430.064911421492,COGS,Sales
2023-07-15,2523.7508996832075,Operating,Support
2023-06-28,3585.096866611253,Operating,Support
2023-02-17,2325.2728505478203,COGS,Sales
2023-03-13,1468.879383565621,Marketing,Marketing
2023-04-23,6930.611349881006,Marketing,Marketing
2023-09-02,4687.073933029369,Admin,Sales
2023-11-05,6960.220392174251,Marketing,Support
2023-06-08,6733.5107405277195,COGS,Engineering
2023-10-01,2615.3176609225334,Marketing,Support
2023-09-25,4608.030832432055,Marketing,Marketing
2023-10-31,1124.1327705505284,Admin,Sales
2023-01-30,7364.389130230688,Marketing,Sales
2023-04-07,3531.970362988648,Admin,Sales
2023-09-08,3452.5713791676603,Admin,Marketing
2023-01-07,2770.665279634649,Marketing,Support
2023-04-02,3954.9780853302786,Operating,Sales
2023-04-23,2388.1953990908605,COGS,Engineering
2023-09-16,3311.3920459760343,COGS,Sales
2023-04-17,6499.602864386614,Marketing,Support
2023-03-04,6756.916276888789,COGS,Marketing
2023-12-24,2781.368582213871,COGS,Engineering
2023-09-28,4017.6082291459093,Admin,Engineering
2023-07-18,7053.648322100392,Operating,Sales
2023-12-13,895.0499887227286,COGS,Support
2023-12-03,7168.587214968391,Operating,Sales
2023-05-26,2143.882592392488,COGS,Engineering
2023-03-02,5589.044331607819,Operating,Sales
2023-04-30,4869.137722884502,Operating,Support
2023-03-02,4647.0556114193905,COGS,Marketing
2023-11-05,6945.2016856461605,Admin,Engineering
2023-01-26,1261.7910773349595,Operating,Support
2023-04-25,3102.71018994227,Operating,Sales
2023-02-09,4536.8955975857425,COGS,Engineering
2023-12-10,6584.666404595298,Operating,Sales
2023-04-26,2123.323125587536,Operating,Sales
2023-05-16,6521.973810307072,Admin,Marketing
2023-10-04,3497.2886187045183,Operating,Sales
2023-10-26,1916.8539232527155,Admin,Sales
2023-01-21,6192.398303326119,Operating,Support
2023-01-31,1181.7417610591087,Operating,Sales
2023-09-04,4360.755305565822,Admin,Marketing
2023-01-27,979.0683789641631,Admin,Sales
2023-03-14,3173.1339136834067,Marketing,Sales
2023-04-07,5008.075992547945,Operating,Sales
2023-06-10,4670.866561154098,Admin,Engineering
2023-12-12,3534.9156342849988,Operating,Marketing
2023-10-27,3717.8599547908675,Operating,Engineering
2023-10-26,2200.771650130749,Operating,Marketing
2023-10-14,3919.1194131807715,COGS,Marketing
2023-07-31,7649.411417906257,Marketing,Support
2023-03-17,6878.396883378428,COGS,Engineering
2023-05-23,1589.2465180725785,Marketing,Marketing
2023-02-03,723.355904906907,Operating,Marketing
2023-12-02,7501.432345374729,Operating,Support
2023-01-04,4450.623124105607,Admin,Engineering
2023-11-24,4533.783673619808,Marketing,Sales
2023-04-08,6355.384967798917,Marketing,Support
2024-01-01,2860.167304034949,COGS,Marketing
2023-08-05,4114.306766270016,Marketing,Engineering
2023-01-28,7764.971848600532,Operating,Marketing
2023-07-20,5541.115151993054,Admin,Support
2023-09-30,1653.0877399683945,COGS,Support
2023-11-10,1499.2006098826496,Admin,Engineering
2023-05-07,2031.9856874975405,Marketing,Support
2023-07-21,6250.337558155382,Marketing,Support
2023-01-09,2715.32752880462,COGS,Sales
2023-10-14,660.4163500630984,Marketing,Marketing
2023-03-29,7581.307726292464,Admin,Sales
2023-11-14,1772.85062296183,Operating,Sales
2023-01-19,571.6863961105144,COGS,Engineering
2023-03-22,2278.4870178749225,Marketing,Support
2023-04-17,2262.7159033860025,Admin,Marketing
2023-11-07,3665.0393813429228,Operating,Marketing
2023-08-18,7402.923736250276,Marketing,Marketing
2023-04-22,7093.886883343234,COGS,Support
2023-08-08,3926.7091623682095,Marketing,Marketing
2023-05-03,3581.749287438549,Marketing,Marketing
2023-09-01,4662.568148561384,Marketing,Support
2023-06-27,2325.9050897882435,Operating,Engineering
2023-03-06,891.3874397477213,Operating,Marketing
2023-01-03,7544.18102128405,Marketing,Support
2023-07-26,1900.2423865787955,Marketing,Sales
2023-01-21,1988.0054693428729,COGS,Support
2023-10-20,4043.452466404607,Marketing,Sales
2023-01-15,4187.10008630248,Admin,Support
2023-12-09,638.2565727555645,Admin,Marketing
2023-07-25,1609.66054080478,COGS,Engineering
2023-07-21,3336.161139205563,Operating,Engineering
2023-04-30,5627.980201329043,Marketing,Marketing
2023-05-17,2213.1384262395186,COGS,Sales
2023-10-27,3672.60834681322,Operating,Support
2023-10-22,4680.087985373501,COGS,Marketing
2023-01-25,7164.443709674691,Operating,Support
2023-11-08,2945.5287674534247,Marketing,Marketing
2023-08-22,1501.6869939761264,COGS,Marketing
2023-05-01,4169.541694232062,Marketing,Support
2023-03-31,6100.412012630466,COGS,Engineering
2023-11-16,1323.9481778955007,Operating,Engineering
2023-07-19,3685.126187727203,COGS,Sales
2023-06-29,633.3885594686258,Admin,Support
2023-12-11,751.6938623543836,Admin,Sales
2023-03-17,4122.150224124992,COGS,Marketing
2023-05-17,2736.4797361319706,Admin,Sales
2023-05-18,6838.304742540591,Marketing,Marketing
2023-01-10,5016.157295948407,Admin,Support
2023-07-20,3904.4972130724277,Admin,Support
2023-11-14,3559.5152829072226,Marketing,Support
2023-12-12,4229.3411014217245,Marketing,Support
2023-08-07,803.29123409496,Operating,Sales
2023-03-01,7195.95017315495,Marketing,Marketing
2023-05-27,7987.273668004687,COGS,Engineering
2023-04-17,1861.15343644024,Admin,Support
2023-02-07,1402.872235809648,Operating,Support
2023-05-14,1576.8309758644643,Marketing,Marketing
2023-08-09,5457.702936757753,Admin,Engineering
2023-10-30,5460.806288380811,COGS,Support
2023-05-13,6859.431217088082,COGS,Engineering
2023-11-30,6138.697913196899,Operating,Support
2023-02-22,3872.672550270048,COGS,Sales
2023-03-03,5096.415211739892,Admin,Sales
2023-01-23,5662.1350277600595,Marketing,Engineering
2023-02-13,4345.523527139188,COGS,Marketing
2023-11-04,4067.3823833872752,Marketing,Marketing
2023-02-15,5338.230842319899,Admin,Sales
2023-05-27,4681.059117317403,Admin,Marketing
2023-08-04,5329.567290019328,Marketing,Marketing
2023-12-06,5096.410804725228,Admin,Marketing
2023-02-16,5893.97420385241,Operating,Engineering
2023-12-13,5321.026315871571,COGS,Engineering
2023-11-04,4398.0686482795045,Operating,Marketing
2023-01-24,5613.476084632899,Operating,Sales
2023-05-25,3871.11473889071,Operating,Marketing
2023-03-30,2312.534194794508,Marketing,Support
2023-06-23,510.63665100436594,Marketing,Sales
2023-03-05,4699.731103593824,Admin,Engineering
2023-04-29,4929.914199564808,Marketing,Support
2023-08-11,7790.367235817857,Admin,Marketing
2023-06-05,3211.0875057070666,Marketing,Marketing
2023-06-27,3455.999321212338,Admin,Sales
2023-11-16,2013.4968600664267,COGS,Sales
2023-12-08,1029.0072142799145,Admin,Marketing
2023-02-25,6296.033696463054,COGS,Marketing
2023-02-28,2372.607982544938,Admin,Sales
2023-08-08,5066.786457725285,Marketing,Support
2023-07-04,5658.297766591111,Marketing,Engineering
2023-02-16,4034.275154687358,COGS,Sales
2023-04-12,7072.640847703937,Operating,Support
2023-02-13,3828.461307347966,Operating,Marketing
2023-01-15,2636.8146728132383,Admin,Engineering
2023-08-24,7220.116422212168,Marketing,Support
2023-12-27,6961.7321318746735,Operating,Engineering
2023-02-20,1730.2996030730976,Marketing,Engineering
2023-11-05,694.7076376544071,Marketing,Engineering
2023-02-03,1174.891672622155,Marketing,Support
2023-05-04,2649.105489153628,Admin,Support
2023-03-18,7791.94851306283,COGS,Marketing
2023-05-03,4688.871148706187,Admin,Engineering
2023-07-24,3299.462990219516,Operating,Sales
2023-08-16,7165.370709595598,COGS,Sales
2023-03-11,3898.5224860887474,Operating,Sales
2023-08-18,2864.2897130076585,COGS,Support
2023-01-21,7559.14646559243,COGS,Marketing
2023-04-18,6871.382496445085,Admin,Support
2023-12-30,6827.512815645807,Marketing,Engineering
2023-08-29,4342.135572876598,Marketing,Sales
2023-09-08,6420.7879911159125,COGS,Support
2023-05-15,1845.150194484139,Admin,Sales
2023-03-31,4799.172181671827,Operating,Support
2023-03-20,7878.844421356593,Operating,Sales
2023-06-26,2682.1882288847123,Marketing,Engineering
2023-10-25,6457.642469357564,Marketing,Sales
2023-11-04,4178.588054060505,Operating,Engineering
2023-04-12,798.542624165655,Operating,Engineering
2023-12-27,6222.645483617505,Admin,Support
2023-12-01,1764.2685829408458,Operating,Support
2023-04-22,5236.051753495626,Admin,Support
2023-06-30,1142.4814553522967,Marketing,Engineering
2023-04-14,7601.505481219736,Operating,Marketing
2023-01-16,2687.929153852707,Marketing,Marketing
2023-04-06,2198.4851875804616,COGS,Engineering
2023-10-20,1468.5230304975073,COGS,Engineering
2023-05-26,7595.016450042858,COGS,Support
2023-10-29,5839.278068309789,Operating,Support
2023-01-02,6062.456665385665,Marketing,Support
2023-04-29,4245.534210351834,Operating,Marketing
2023-12-09,4060.4583895286255,Marketing,Marketing
2023-04-04,1325.159322436075,Admin,Engineering
2023-07-10,4698.808216879938,Operating,Marketing
2023-01-03,2351.8737133159284,COGS,Support
2023-04-21,7828.589996003044,Admin,Support
2023-06-26,6474.3570501136055,Marketing,Support
2023-09-14,3597.440451446657,Operating,Support
2023-12-27,1635.0594401864978,Marketing,Support
2023-01-22,6389.9876835408795,Marketing,Sales
2023-08-08,1415.4032531098699,Operating,Engineering
2023-06-22,1920.0031512280286,Operating,Engineering
2023-08-12,2086.4038830817053,Marketing,Marketing
2023-03-06,4676.679787048208,Marketing,Support
2023-10-04,6402.924904927747,Admin,Sales
2023-09-06,2857.361590435192,COGS,Support
2023-09-17,1135.0236070646706,Marketing,Support
2023-05-11,3984.038476433144,COGS,Marketing
2023-04-23,6110.826808699517,Admin,Sales
2023-10-13,2162.478823155412,COGS,Sales
2023-10-14,2149.4341102953067,COGS,Engineering
2023-07-30,7604.2027051003315,Admin,Support
2023-01-20,7656.152953393835,Marketing,Sales
2023-08-03,7928.492990461823,COGS,Engineering
2023-11-06,6557.447011810851,Marketing,Sales
2023-09-08,1911.3812687595916,Marketing,Support
2023-09-28,2089.8614059944603,Operating,Engineering
2023-06-29,3051.6893114179397,Marketing,Sales
2023-07-13,2885.9939850011815,Marketing,Marketing
2023-11-09,7673.958118085068,COGS,Sales
2023-03-20,6418.054871612702,Marketing,Support
2023-06-29,5930.065941211654,Marketing,Marketing
2023-06-12,1894.7241804359885,Operating,Sales
2023-07-21,7321.4416952174715,Operating,Sales
2023-01-14,6709.027846296303,COGS,Engineering
2023-12-13,1727.3138099594278,COGS,Support
2023-09-03,7033.777489707294,Operating,Sales
2023-01-14,2541.856522778535,Operating,Sales
2023-04-09,1106.5230937407953,Admin,Sales
2023-02-02,5426.167298856575,Marketing,Support
2023-09-14,5403.53494538248,COGS,Marketing
2023-02-03,1211.9900717421356,COGS,Support
2023-01-19,2891.388567024368,Marketing,Engineering
2023-06-01,7946.108466916539,Marketing,Engineering
2023-09-17,5588.200002565527,COGS,Support
2023-06-13,5975.563749524968,Operating,Sales
2023-03-18,2096.8796420322924,Operating,Sales
2023-11-10,1090.8655325293576,Marketing,Marketing
2023-05-17,2576.7626730570323,COGS,Support
2023-12-25,2366.73788894894,Marketing,Support
2023-07-27,2259.0807556103982,Operating,Sales
2023-08-30,1945.6574141527967,Admin,Engineering
2023-03-08,4810.667679915532,Admin,Engineering
2023-04-26,2960.776068813663,Operating,Marketing
2023-07-21,6652.587612856479,Marketing,Marketing
2023-09-07,1879.60563385538,Admin,Engineering
2023-10-05,3984.7030315140837,Operating,Support
2023-04-22,602.4337731955999,COGS,Marketing
2023-11-27,4112.61741841394,Marketing,Sales
2023-08-22,918.7866565735578,Marketing,Support
2023-06-25,7832.926339044827,Admin,Sales
2023-05-23,6429.440964878097,Marketing,Marketing
2023-02-01,4175.836074773415,Admin,Engineering
2023-06-30,1149.4051863451268,Admin,Marketing
2023-03-08,4943.340805928107,Operating,Engineering
2023-01-04,6190.728130264081,Admin,Support
2023-10-13,1930.3793975355898,COGS,Marketing
2023-09-26,4761.562555906181,Marketing,Marketing
2023-08-24,6606.58173787151,Admin,Marketing
2023-10-04,6261.858332347373,Marketing,Support
2023-02-10,6522.440134003647,Admin,Sales
2023-05-01,7094.925686522899,Operating,Sales
2023-10-02,7532.615766196027,COGS,Engineering
2023-08-19,3541.4086640265195,Marketing,Marketing
2023-10-31,4765.76826892158,Operating,Sales
2023-03-27,6429.9464453420815,Marketing,Support
2023-03-04,5728.548604593374,Operating,Marketing
2023-07-11,7966.401711982841,COGS,Engineering
2023-10-20,602.582383284831,Admin,Sales
2023-01-31,3163.49911486843,Operating,Support
2023-11-26,2607.7094470265183,Marketing,Support
2023-05-26,2467.3688762415095,Marketing,Engineering
2023-04-17,2168.9733687416433,Operating,Sales
2023-12-25,5818.428806114218,COGS,Marketing
2023-04-20,1135.696049564914,COGS,Support
2023-10-03,6062.066254575037,Admin,Engineering
2023-07-29,5700.693815122051,Admin,Support
2023-05-19,2381.0309937567226,Marketing,Support
2023-03-27,2396.2533737387093,Marketing,Sales
2023-02-13,5216.454390083766,Admin,Sales
2023-03-23,6216.283291127584,Admin,Marketing
2023-03-05,7073.642098155241,Admin,Support
2023-12-09,6891.046728908568,Operating,Engineering
2023-11-17,7736.622456228899,Admin,Support
2023-02-24,4860.386715023834,Operating,Engineering
2023-03-15,7314.916710052697,Operating,Support
2023-05-09,6563.849549453081,Admin,Engineering
2023-09-13,7210.007182355102,COGS,Support
2023-08-19,587.1995096402497,COGS,Support
2023-05-17,7744.272438993582,Marketing,Marketing
2023-12-17,4051.4762213485874,Admin,Sales
2023-12-21,6486.372421811322,Marketing,Sales
2023-04-22,1454.0308950333565,Admin,Engineering
2023-11-04,3469.5582186048055,Marketing,Support
2023-05-26,2535.954972657432,Operating,Support
2023-02-02,2687.4407787570276,Admin,Sales
2023-09-17,1424.417149631613,COGS,Engineering
2023-03-28,6543.228744072552,Admin,Marketing
2023-11-27,569.3173593580862,Marketing,Marketing
2023-09-22,2843.7909273890186,Marketing,Marketing
2023-11-16,1808.0790741231126,Marketing,Support
2023-01-30,4917.792054562554,Marketing,Engineering
2023-08-20,2406.8930196090787,Marketing,Sales
2023-03-17,2442.4884089607476,Marketing,Support
2023-05-09,4162.53607996489,COGS,Support
2023-09-28,5395.167795056943,Marketing,Marketing
2023-03-30,1409.7852842387272,COGS,Engineering
2023-06-19,1816.3358934912212,Admin,Engineering
2023-05-08,2353.8105844588817,Operating,Marketing
2023-06-23,7803.111605884704,COGS,Marketing
2023-01-26,3478.6437495719024,Admin,Marketing
2023-03-02,4992.425679732699,Operating,Support
2023-03-08,2311.5710953698344,COGS,Support
2023-01-26,4178.44643868116,COGS,Support
2023-03-24,1055.8938078946853,Admin,Sales
2023-12-30,760.5660944174521,Marketing,Sales
2023-03-01,4015.5014511609515,COGS,Engineering
2023-02-08,3489.9446563880906,COGS,Marketing
2023-05-03,1526.6023976887077,Admin,Marketing
2023-10-19,5657.010716905503,Marketing,Support
2023-10-04,7946.776181744483,Operating,Sales
2023-10-31,3467.3511589753434,Marketing,Marketing
2023-10-09,5184.1897693804585,Marketing,Engineering
2023-07-10,7722.3195677336425,Admin,Marketing
2023-10-19,6736.512293351564,Marketing,Support
2023-06-01,3976.6416747701433,Admin,Support
2023-08-21,6031.171133449395,Operating,Sales
2023-05-26,1461.01280187893,COGS,Engineering
2023-09-28,4340.778915978494,COGS,Engineering
2023-12-01,2592.952078849524,Admin,Marketing
2023-05-14,1708.7276592212081,Admin,Engineering
2023-06-20,3697.1067969090113,Marketing,Marketing
2023-01-28,1482.609158252108,Marketing,Marketing
2023-05-16,5742.388311308641,COGS,Sales
2023-08-29,3921.8003304000163,COGS,Engineering
2023-12-10,4483.584744234979,COGS,Support
2023-08-16,1597.8195400111777,Admin,Marketing
2023-10-14,1548.2874582012087,Operating,Marketing
2023-10-30,4875.61576445093,Operating,Marketing
2023-02-03,7887.573108720847,Admin,Engineering
2023-01-02,1221.879374282942,Marketing,Engineering
2023-12-28,2642.9857142433593,Operating,Engineering
2023-07-14,7020.9433740341565,Marketing,Marketing
2023-04-04,1042.0400919142771,COGS,Support
2023-11-24,7069.142910252135,COGS,Support
2023-11-04,4432.144875310634,Marketing,Engineering
2023-05-15,3562.000804448194,COGS,Support
2023-07-23,2822.604232635919,Admin,Marketing
2023-09-07,2728.378685958814,Marketing,Engineering
2023-05-27,2793.519368371091,Marketing,Engineering
2023-12-12,7136.0231072014685,Marketing,Marketing
2023-12-14,5928.464226310892,Operating,Engineering
2023-09-11,5522.92255873363,Marketing,Marketing
2023-11-30,6490.618617140006,Marketing,Engineering
2023-06-25,2428.3599725310874,Marketing,Support
2023-05-05,5135.321090613168,Operating,Engineering
2023-09-08,3950.4967921846323,COGS,Engineering
2023-05-11,6368.312264001451,Operating,Engineering
2023-02-19,2819.420828549641,Admin,Sales
2023-04-03,5323.839626524218,Marketing,Support
2023-11-06,7116.593088629851,Admin,Marketing
2023-08-08,3516.1285714619653,Operating,Sales
2023-11-30,999.6656552559609,COGS,Support
2023-11-30,4370.381167563446,COGS,Engineering
2023-01-20,3094.7936585526945,Marketing,Engineering
2023-07-24,5541.690354103812,COGS,Marketing
2023-04-01,7632.746935614546,Operating,Marketing
2023-12-21,4142.062384976352,Operating,Support
2023-06-22,3996.426726166504,COGS,Support
2023-07-08,5409.386001435952,Marketing,Marketing
2023-11-08,1276.2312769517575,Marketing,Support
2023-01-02,2401.29641693761,Operating,Marketing
2023-12-27,7392.344941252989,COGS,Engineering
2023-06-17,5524.569600228247,Operating,Marketing
2023-01-24,600.8303298756219,Operating,Sales
2023-12-31,2034.6910441926489,Admin,Marketing
2023-03-09,5621.279495216743,Operating,Marketing
2023-07-13,6232.994019219306,Marketing,Sales
2023-03-25,6798.946795055314,COGS,Sales
2023-07-26,2691.3260253653366,COGS,Sales
2023-02-18,7482.71447208172,Admin,Sales
2023-02-01,4647.101701834193,Admin,Marketing
2023-11-13,5724.042667909197,Marketing,Support
2023-06-19,4975.54147084931,Admin,Sales
2023-05-09,1420.5504100596536,Operating,Engineering
2023-04-12,7723.359945386599,Operating,Marketing
2023-02-04,1421.566849206145,Marketing,Support
2023-11-03,2411.6146730838773,COGS,Engineering
2023-07-18,6602.209101672352,Marketing,Marketing
2023-10-28,5139.4772112582605,Admin,Marketing
2023-03-18,6786.118740322678,COGS,Engineering
2023-11-17,4368.021412805337,COGS,Sales
2023-01-14,3327.4492652497615,COGS,Sales
2023-12-15,7413.841246608387,Admin,Engineering
2023-05-11,771.8923813609614,Operating,Support
2023-08-26,6920.976652647844,Operating,Sales
2023-10-07,2231.133388908362,Admin,Marketing
2023-03-06,6865.522458154758,Admin,Marketing
2023-05-18,1543.974600626642,Marketing,Support
2023-09-26,4851.642227679054,Marketing,Marketing
2023-08-16,7160.80939258604,Operating,Sales
2023-07-20,4051.5473517416785,Admin,Support
2023-05-22,6099.250053525447,Marketing,Sales
2023-04-10,6535.037133916688,Admin,Support
2023-05-18,6023.706565375844,Admin,Engineering
