customer_id,total_spent,purchase_count,customer_lifespan_days,is_new_customer,is_active,churned,region,signup_date
1,1415.9546205228487,16,238,True,True,True,East,2023-01-05
2,594.7927234070294,2,670,False,True,False,North,2023-04-16
3,920.7063365611277,19,281,True,False,False,West,2023-10-05
4,821.6502614052455,19,300,True,True,False,North,2023-04-10
5,4868.076309770262,16,949,False,False,False,North,2023-08-26
6,3820.5332839005205,19,448,False,True,False,North,2023-09-26
7,4842.031179820854,9,824,False,False,False,North,2023-11-17
8,2254.728383888752,1,754,False,True,False,West,2023-03-27
9,1464.0055601470174,10,462,True,True,False,West,2023-11-16
10,4011.6366663250146,19,138,False,False,True,North,2023-02-01
11,1698.6441984016192,1,670,False,True,True,South,2023-12-02
12,1566.9785311562066,2,408,False,True,True,South,2023-02-20
13,1239.2793618183728,16,987,False,True,False,South,2023-03-20
14,735.4269932987532,12,132,False,True,True,South,2023-07-05
15,1356.6689989821532,8,921,False,True,False,East,2023-06-23
16,1841.0667675220498,18,883,False,True,False,West,2023-04-16
17,3402.571619914079,2,1080,True,True,True,West,2023-03-04
18,406.5677268753127,13,559,False,True,False,North,2023-03-17
19,1131.4840043601805,6,708,True,True,False,East,2023-11-12
20,4064.2158374292144,6,1018,True,True,False,North,2023-11-17
21,819.9174255604768,9,457,True,True,False,North,2023-03-22
22,1778.9612179603555,16,851,False,False,False,West,2023-12-27
23,4336.828717104886,11,961,False,True,False,East,2023-05-08
24,859.134024602869,7,1091,False,True,False,South,2023-07-02
25,505.4104945291305,10,540,False,True,False,West,2023-08-31
26,2474.236175892053,10,422,False,True,False,East,2023-07-04
27,1581.8556052648282,18,742,False,True,False,East,2023-08-08
28,2860.700985970885,9,523,True,True,False,West,2023-03-12
29,4038.6439633690284,15,576,False,True,False,West,2023-12-08
30,772.0275919484415,4,623,False,True,False,North,2023-06-03
31,2945.425514315996,8,418,False,True,True,North,2023-09-02
32,2576.9929259103333,9,187,False,True,False,North,2023-05-20
33,805.9860514646779,13,1057,True,True,False,South,2023-03-12
34,3157.5925790920137,9,196,False,True,False,West,2023-02-15
35,1440.838047517781,4,989,False,False,False,East,2023-02-16
36,2490.388160865661,17,438,False,True,False,West,2023-03-20
37,503.1343889576032,16,223,True,True,False,East,2023-05-29
38,2351.961880346753,15,264,False,True,True,South,2023-05-10
39,1601.6709934098196,3,747,False,True,False,West,2023-05-07
40,4129.667934808236,5,845,True,True,False,East,2023-12-31
41,379.19576228710457,5,433,False,True,False,East,2023-04-29
42,2151.1756470998166,15,922,False,True,False,North,2023-12-23
43,2346.313978244046,18,707,False,True,False,South,2023-09-19
44,3652.529773865682,15,97,False,True,False,West,2023-09-01
45,2914.0091179420338,2,117,False,True,False,North,2023-04-13
46,3369.340452251487,13,246,False,True,False,South,2023-02-06
47,3907.541499693605,4,30,True,True,False,North,2023-05-22
48,4324.794570925125,10,169,True,True,False,West,2023-02-06
49,1637.9899339401054,13,647,True,True,False,East,2023-01-08
50,2736.3112562831243,10,162,False,True,False,West,2023-08-19
51,4216.52958435208,9,207,False,False,True,South,2023-11-29
52,4948.310541728776,8,839,False,True,False,West,2023-10-23
53,4458.6446241144395,3,409,False,True,False,South,2023-04-17
54,1920.1895868594463,16,937,False,True,False,North,2023-12-14
55,1056.315934371387,14,687,False,False,False,South,2023-01-18
56,2498.0234332922846,9,479,True,True,False,East,2023-11-09
57,3734.043113996607,11,615,False,True,False,East,2023-03-24
58,2513.588446691158,3,492,False,True,False,East,2023-10-15
59,2467.5862302369756,5,1019,False,True,False,North,2023-07-13
60,4207.329063300823,10,151,False,True,False,South,2023-08-03
61,1870.8785174292132,13,46,False,True,False,North,2023-10-08
62,4312.993906577063,4,356,True,True,False,West,2023-08-08
63,2093.3435246634454,13,347,False,True,True,West,2023-10-16
64,1708.3422178238632,12,838,False,False,False,West,2023-12-10
65,2324.550564878525,5,532,False,True,False,West,2023-07-13
66,3835.9900975068554,10,148,False,True,False,East,2023-06-07
67,717.409936533572,9,739,False,True,False,South,2023-04-14
68,1062.454157772885,7,74,False,True,False,East,2023-02-03
69,4762.079645749151,2,343,False,True,False,South,2023-04-12
70,959.9089741686512,7,447,False,True,False,South,2023-05-07
71,2881.8638578621676,8,585,False,True,False,North,2023-08-02
72,2938.6408866434954,7,355,False,True,False,West,2023-11-21
73,2499.1598640461993,14,544,False,True,False,South,2023-10-23
74,3259.2517180264113,19,243,False,True,False,West,2023-06-28
75,1226.1509564083303,5,103,True,True,False,West,2023-03-21
76,2808.0451121060664,18,538,False,True,True,West,2023-05-21
77,1923.648950709796,12,361,True,True,True,East,2023-01-31
78,3342.1695721830265,17,717,False,True,False,West,2023-03-04
79,791.9953625284323,13,686,True,True,False,South,2023-02-17
80,2897.2993425134337,2,1057,True,True,False,East,2023-03-28
81,1007.8247413782861,13,629,True,True,False,West,2023-10-31
82,1465.3510092636784,7,354,True,True,False,North,2023-03-02
83,1171.6780215855579,10,1021,False,True,False,West,2023-11-30
84,995.9051213572038,6,746,False,False,False,West,2023-10-01
85,4145.983662647268,3,752,False,True,False,East,2023-10-11
86,1499.9670815383627,3,306,False,True,False,South,2023-03-21
87,4642.906531135802,18,565,False,True,False,West,2023-06-29
88,4852.639974191436,11,181,True,True,False,East,2023-09-29
89,2899.176302691777,5,984,False,True,False,East,2023-03-18
90,800.7055010620594,19,288,True,True,False,South,2023-08-09
91,1935.2863925599481,19,353,False,True,False,East,2023-10-09
92,4008.8880904062485,15,1046,False,True,False,South,2023-01-28
93,1900.2145706156452,16,898,True,True,False,North,2023-12-27
94,526.3843696836648,9,717,False,True,False,West,2023-03-18
95,2828.2460635481207,4,339,False,True,False,East,2023-06-13
96,4241.09217233057,15,832,False,True,True,North,2023-01-09
97,4000.0392970031617,12,649,False,False,False,East,2023-06-24
98,958.1033866387309,3,502,True,True,True,East,2023-11-03
99,3396.546610621087,14,490,False,True,False,North,2023-03-17
100,1180.4708908346709,17,843,True,True,True,East,2023-09-02
101,1169.2169193056438,19,875,False,True,False,East,2023-05-02
102,4382.951689195407,6,696,True,False,False,North,2023-07-04
103,1323.3778684271279,4,291,False,False,False,East,2023-02-01
104,1389.911997938255,7,384,False,True,False,South,2023-09-07
105,103.20161473036782,19,799,False,False,False,East,2023-02-26
106,4366.278267215037,17,209,False,True,False,West,2023-11-06
107,3983.7145847247602,16,95,False,True,False,East,2023-05-24
108,3173.9117819443222,15,849,False,False,True,West,2023-11-14
109,3776.302243300327,8,200,False,True,False,West,2023-03-25
110,845.0379803800098,19,503,True,True,True,East,2023-02-25
111,2345.7856134791195,8,563,False,True,False,North,2023-10-06
112,1820.9749980090264,18,468,True,False,False,South,2023-09-30
113,559.5049786593809,16,864,True,True,False,South,2023-06-15
114,2482.039377553128,19,256,False,False,False,East,2023-06-07
115,4611.624286678913,10,471,False,True,False,North,2023-09-06
116,296.28968334840295,17,425,False,True,False,North,2023-07-05
117,1528.15847611959,13,757,True,False,False,South,2023-03-19
118,1116.9505874079468,13,113,False,True,False,North,2023-01-22
119,1266.918602961912,7,1066,True,False,False,East,2023-04-18
120,4551.329304208939,10,722,True,True,False,East,2023-09-30
121,2393.5383657480215,2,522,True,True,False,North,2023-09-09
122,2384.867123405112,4,999,False,True,False,East,2023-01-15
123,3826.820648030883,6,382,False,True,False,West,2023-10-31
124,857.0117996241364,18,69,True,True,False,South,2023-06-09
125,2487.600235090249,6,669,False,False,False,East,2023-07-24
126,2206.9275491931926,17,202,True,False,False,North,2023-04-23
127,3024.862383678615,14,288,False,True,False,South,2023-06-17
128,4997.832745927149,11,546,False,False,False,East,2023-12-19
129,3870.2995810020307,19,759,False,False,False,South,2023-09-10
130,2049.5419447853933,2,552,False,True,False,North,2023-07-05
131,4155.009956142831,3,868,False,True,False,West,2023-12-13
132,936.4709802311529,11,146,False,False,False,West,2023-08-15
133,249.27206291390462,6,213,False,True,False,East,2023-01-16
134,1101.7970250749381,14,191,False,False,True,West,2023-06-05
135,1768.0166249598724,19,572,False,False,False,East,2023-12-20
136,2601.8457115518436,16,868,True,False,False,South,2023-04-21
137,3114.1327886518793,7,476,False,True,False,East,2023-01-01
138,4561.968014350667,8,445,False,True,True,East,2023-02-10
139,2598.2846467972427,19,561,True,True,True,East,2023-02-17
140,2556.250658666074,16,470,False,True,True,West,2023-04-18
141,346.19074813261244,7,767,False,True,True,East,2023-06-10
142,271.0666080154966,9,493,False,True,False,North,2023-06-10
143,2800.683813390223,13,425,False,True,False,East,2023-12-25
144,2247.075204916888,1,740,False,False,False,South,2023-05-08
145,4211.983935403463,8,424,False,True,False,North,2023-07-29
146,887.3299650880414,4,355,False,True,False,South,2023-05-31
147,222.36114437354303,3,779,False,True,False,South,2023-09-12
148,2300.289962857617,3,671,False,True,False,South,2023-08-06
149,1263.6449280860618,13,243,False,True,False,North,2023-01-30
150,343.1104293603035,8,398,False,True,True,North,2023-02-14
151,3650.5316055533817,7,78,False,True,False,West,2023-03-21
152,646.8056997905127,1,162,False,True,False,North,2023-02-08
153,3080.765550038081,16,1028,True,True,True,East,2023-08-28
154,1477.143775817757,6,815,True,False,True,South,2023-02-14
155,950.1306467396079,7,402,False,False,False,West,2023-03-19
156,1960.7824623046556,12,508,False,False,True,North,2023-12-03
157,4027.084303492473,9,861,True,False,False,South,2023-12-15
158,2021.2585268324062,11,679,True,False,True,North,2023-10-15
159,3778.771281134173,10,711,True,False,False,West,2023-10-07
160,714.8828543158384,1,717,False,True,False,North,2023-04-26
161,3886.5799563588876,18,111,True,True,False,North,2023-09-26
162,1260.9732920425784,4,116,False,True,False,South,2023-12-01
163,3419.2263364554765,5,254,False,True,False,East,2023-11-08
164,2872.329618720882,9,45,False,True,False,North,2023-02-22
165,4652.809114337268,17,851,False,True,False,West,2023-03-09
166,1997.8803380790387,3,192,True,False,True,North,2023-07-01
167,424.2094252887582,16,543,False,False,True,North,2023-02-03
168,193.86187920113923,5,379,False,True,False,East,2023-10-11
169,4151.60694876649,16,710,False,True,False,South,2023-11-02
170,2671.2046245410174,3,210,False,False,False,West,2023-09-06
171,3898.6958539912516,15,772,False,True,False,South,2023-04-21
172,1248.685440056422,3,689,True,True,False,South,2023-04-04
173,1790.9103530148452,14,522,False,True,False,South,2023-06-28
174,247.5089738354628,16,952,True,True,False,North,2023-02-16
175,4811.31239041315,17,157,False,True,True,East,2023-10-09
176,3372.5527428339856,18,594,True,False,False,North,2023-12-06
177,4672.704930020601,18,579,False,True,False,West,2023-12-28
178,1400.9323964024543,14,482,False,True,False,East,2023-04-02
179,3096.171695005738,18,500,True,True,False,South,2023-07-31
180,3424.649844633925,15,1017,False,True,False,East,2023-03-16
181,1655.9935312621833,15,767,True,False,False,West,2023-07-21
182,4255.735251576587,6,253,True,True,True,North,2023-10-24
183,4741.091168211215,15,183,False,True,True,North,2023-11-04
184,4435.790076710421,18,589,False,True,False,South,2023-07-30
185,3721.4281821029253,4,380,False,True,False,North,2023-12-04
186,1459.5769306522748,8,378,True,True,False,North,2023-05-14
187,1479.9186063175955,15,211,False,True,False,West,2023-11-26
188,4820.465570185585,3,666,False,True,False,East,2023-03-07
189,150.39403008489094,15,1047,False,True,False,North,2023-10-07
190,3608.644868886508,13,208,False,True,False,West,2023-01-28
191,3560.6061965207846,9,1092,False,False,False,West,2023-04-27
192,3151.1787506540077,2,801,False,False,True,South,2023-11-13
193,4951.533345825643,8,923,False,True,False,West,2023-11-21
194,1628.2092352422537,17,1056,False,True,False,South,2023-04-24
195,1765.862132586916,13,1045,False,True,False,North,2023-03-16
196,486.80307443812217,1,93,True,False,False,South,2023-07-21
197,2269.7108690643136,2,58,False,True,False,West,2023-02-28
198,1379.1377785507557,15,401,False,True,False,East,2023-01-15
199,1782.5948406704567,12,126,True,True,True,East,2023-08-19
200,4189.401772252575,14,1022,True,False,False,North,2023-04-15
201,4683.874116284729,2,50,False,True,False,North,2023-06-14
202,1010.0920528254096,18,764,True,True,False,East,2023-07-18
203,1925.2937646119829,7,95,False,True,False,South,2023-12-20
204,4650.289754365431,6,632,False,True,False,North,2023-02-04
205,402.8614573771909,14,367,False,True,False,West,2023-06-11
206,552.5665877457548,8,152,True,False,False,North,2023-09-02
207,897.6758471105239,2,476,False,False,False,South,2023-10-14
208,3016.542887221686,17,640,False,True,False,North,2023-01-19
209,837.3141279293876,5,700,False,False,False,West,2023-10-07
210,4843.574269108594,14,644,False,True,True,West,2023-12-06
211,2288.9011835667498,3,926,False,True,False,West,2023-12-14
212,2557.438005715815,5,310,False,True,False,South,2023-07-01
213,1308.6272174464918,16,625,False,False,False,South,2023-05-27
214,2407.705236930194,18,732,False,True,False,West,2023-06-25
215,3343.3767999213565,17,239,False,True,False,West,2023-06-12
216,3780.7679710748093,11,155,True,False,False,South,2023-06-24
217,3793.953605278574,17,521,False,True,True,South,2023-02-16
218,2931.666452201033,16,989,False,True,False,South,2023-09-13
219,4531.3628974699,2,999,False,True,False,East,2023-06-23
220,4105.298451799936,4,610,False,True,False,South,2023-04-13
221,3809.5357620232644,7,806,True,False,True,West,2023-05-01
222,372.46705623425703,2,287,True,True,False,East,2023-12-16
223,133.70201487628162,6,259,True,True,False,South,2023-05-25
224,1140.9916582578176,17,218,True,True,False,West,2023-02-11
225,3351.265610175916,7,39,False,True,False,North,2023-01-29
226,2114.8676955244746,5,705,True,True,False,East,2023-09-30
227,2071.7906705666273,5,531,True,True,False,West,2023-01-14
228,4434.475752325107,16,114,False,False,False,North,2023-11-02
229,4488.25795584601,19,78,False,True,False,West,2023-11-09
230,4554.95879386257,9,867,False,True,False,South,2023-07-08
231,1638.0025749236338,5,1037,False,True,False,South,2023-12-26
232,3486.1734824223827,8,718,False,True,False,North,2023-10-22
233,1431.0025882444113,9,416,True,True,False,South,2023-07-02
234,1033.9881820648038,5,999,False,True,True,West,2023-12-18
235,1004.6990410021092,10,1035,True,False,False,North,2023-02-05
236,1776.3273422316108,2,247,False,True,False,West,2023-02-06
237,2206.792336921126,9,1034,False,True,False,West,2023-01-14
238,4171.650938169835,11,284,False,True,False,West,2023-05-03
239,687.4663580162893,4,265,False,False,False,South,2023-03-24
240,3701.1366522349817,2,1079,False,True,False,South,2023-06-08
241,2704.1290795275963,6,300,True,True,False,West,2023-11-25
242,1510.9321791123632,14,152,False,True,False,East,2023-04-12
243,2514.8159642108403,1,685,False,True,False,West,2023-12-03
244,1569.716141907411,18,288,False,True,False,West,2023-03-24
245,3020.8015806676995,7,977,True,False,False,North,2023-02-13
246,2225.8352219906965,1,76,False,True,False,West,2023-03-09
247,905.5870924865058,1,892,False,True,False,South,2023-02-17
248,671.257065322914,1,554,False,True,False,North,2023-02-26
249,2778.8088421534376,4,917,False,True,False,East,2023-03-16
250,4521.823863101907,4,237,False,True,False,North,2023-01-22
251,1785.392664132659,18,776,False,True,True,East,2023-05-12
252,3691.7005253908537,11,178,False,True,True,North,2023-10-29
253,3327.440639204858,1,467,False,True,False,North,2023-09-24
254,4664.619080116457,10,184,False,True,True,East,2023-10-14
255,4122.80698476579,9,387,False,True,False,South,2023-04-30
256,2876.3657686367687,4,485,True,False,False,South,2023-09-03
257,3319.4494413471257,6,805,True,True,False,South,2023-02-25
258,4502.093686261771,16,658,False,True,False,North,2023-02-07
259,2057.6420444759806,2,861,True,False,True,West,2023-09-02
260,1701.2940587031092,18,515,False,True,False,North,2023-01-21
261,152.97430981246205,10,562,False,False,False,West,2023-04-20
262,4150.100263538175,17,229,False,False,False,West,2023-04-04
263,4024.805431976488,13,400,False,False,True,South,2023-05-16
264,611.8271386907418,18,1043,False,False,False,West,2023-08-19
265,2926.6011675502314,13,882,True,True,True,North,2023-01-08
266,2373.510321017748,17,277,False,True,False,North,2023-11-24
267,681.6745679946462,5,817,False,True,False,South,2023-10-17
268,4904.784312597545,11,293,False,True,True,East,2023-09-08
269,1152.0098485704416,7,60,False,True,False,North,2023-12-27
270,429.4474824437496,10,634,False,True,False,West,2023-03-28
271,3014.752159559357,17,531,True,True,False,North,2023-07-23
272,3720.44671795186,15,915,False,False,False,North,2023-08-07
273,258.9728856312161,18,578,False,False,False,North,2023-08-29
274,3327.7164297624086,19,868,True,False,False,East,2023-11-16
275,2708.230192162127,2,877,False,True,True,West,2023-09-15
276,605.9985434877372,4,643,False,False,False,South,2023-04-19
277,945.3669970371741,3,441,False,False,False,North,2023-09-13
278,2883.0740568487945,7,461,True,True,False,West,2023-10-09
279,1552.152306215113,18,707,True,True,False,West,2023-08-08
280,4697.747070391449,10,188,False,False,False,South,2023-03-24
281,4111.827124471849,7,43,True,False,False,North,2023-04-17
282,4919.479311916949,8,402,False,True,False,East,2023-03-10
283,1372.3871108570286,6,254,False,True,False,West,2023-04-07
284,4851.645800710087,1,540,False,True,False,South,2023-07-31
285,2213.0459619786334,4,632,False,True,False,East,2023-10-13
286,1802.8420970373977,14,245,False,False,False,West,2023-08-25
287,346.7126821498309,17,1017,True,False,False,North,2023-01-08
288,358.54976351205283,18,869,False,True,True,West,2023-10-21
289,3490.8551541386078,11,756,False,True,False,East,2023-07-08
290,2343.852072726737,14,583,False,True,False,East,2023-03-22
291,1209.955967576918,9,705,False,True,False,North,2023-04-18
292,3108.45450099364,15,902,False,True,False,North,2023-11-17
293,1339.0047794255447,12,312,False,True,False,South,2023-03-08
294,2930.3955962876707,10,863,True,True,False,North,2023-06-23
295,1860.1228602151828,19,566,True,True,False,South,2023-12-12
296,4135.405910397913,19,952,False,True,False,East,2023-12-17
297,4121.411187757219,6,871,False,True,False,East,2023-11-24
298,2439.0169507997666,6,977,False,True,False,West,2023-02-12
299,1819.0136357415763,8,694,False,True,False,West,2023-07-06
300,1876.5430031395633,1,96,False,True,False,South,2023-10-29
301,4048.0011757742677,17,35,False,False,False,North,2023-07-19
302,1708.0794657082988,17,666,False,False,False,North,2023-02-08
303,1124.3909311635455,15,343,True,False,False,West,2023-08-08
304,514.9728751890034,7,594,False,False,False,East,2023-11-03
305,2386.7962923336013,19,855,False,True,False,South,2023-01-04
306,2462.447284707225,3,535,True,True,False,East,2023-05-01
307,4220.452680974245,11,1055,False,True,False,East,2023-12-02
308,1184.0696125857135,19,233,False,False,False,North,2023-03-18
309,1966.8572409751596,9,691,True,False,False,South,2023-06-28
310,4061.1881205790855,10,834,False,True,False,East,2023-05-13
311,4135.755692669971,2,433,False,True,False,West,2023-11-07
312,1984.5942722959642,1,565,True,True,False,West,2023-08-17
313,2349.707714104736,16,606,False,True,False,North,2023-10-03
314,1586.1008651614864,18,792,True,True,False,West,2023-06-01
315,4669.518904254629,17,146,False,True,False,West,2023-06-13
316,681.3544521337435,6,657,True,True,False,East,2023-10-17
317,4675.372172707203,14,778,False,True,False,West,2023-04-19
318,3450.9456139931817,15,134,False,True,False,West,2023-05-06
319,2704.7035481649827,14,524,True,True,False,East,2023-08-28
320,260.02939784402975,3,75,False,False,False,North,2023-11-06
321,2430.4213399278406,19,852,False,True,False,North,2023-12-11
322,2097.965714513388,12,1011,False,False,True,South,2023-05-26
323,889.9721786781005,2,989,False,False,False,West,2023-09-09
324,3316.407057153219,3,874,False,True,False,East,2023-07-02
325,4858.6394461046,18,478,True,True,False,South,2023-11-05
326,2854.725174216173,1,565,True,True,False,North,2023-11-02
327,3602.2910545753343,6,540,False,True,False,North,2023-03-13
328,435.4072175734822,5,569,False,False,False,East,2023-08-07
329,2146.5682795032744,1,45,False,True,False,South,2023-07-26
330,670.1565773060298,19,272,False,False,True,South,2023-06-22
331,3102.699594128901,1,941,False,True,False,East,2023-05-21
332,4698.562575249358,16,790,False,True,False,East,2023-09-29
333,3342.710889111029,12,734,False,True,False,South,2023-08-02
334,476.3349367406655,8,144,True,True,True,North,2023-09-26
335,1837.8644044269058,16,426,False,True,False,West,2023-01-20
336,2798.2505592601724,1,423,False,False,False,North,2023-03-07
337,2075.718005052936,4,1007,False,True,True,East,2023-10-30
338,4184.855651328344,10,326,True,True,True,South,2023-05-27
339,4091.887923078947,11,1031,False,True,False,South,2023-06-14
340,3097.971998505785,17,207,False,True,False,West,2023-11-06
341,1929.9439311502558,7,996,True,False,False,South,2023-01-06
342,1351.1482314398963,12,344,False,False,True,West,2023-01-14
343,618.7841592443336,7,1092,False,True,False,North,2023-05-12
344,1838.9986490841147,12,288,False,False,False,North,2023-12-08
345,2124.5453343178256,15,36,False,True,False,South,2023-08-31
346,3411.5323330099604,2,78,False,True,True,South,2023-08-19
347,3324.98313905811,14,190,True,True,False,East,2023-08-16
348,443.529884242159,13,205,True,False,False,East,2023-06-11
349,2036.7706456126732,4,1055,False,True,False,South,2023-10-10
350,990.7164493650733,14,1030,False,True,False,South,2023-09-20
351,868.3822560523479,14,484,True,True,False,North,2023-05-11
352,4153.780533712505,16,305,False,True,False,South,2023-08-13
353,305.3845619096619,7,527,False,True,False,East,2023-09-15
354,2153.9960919203945,19,705,False,True,False,North,2023-08-22
355,924.1979132559392,2,1081,True,True,False,West,2023-12-02
356,4408.718056824523,10,1054,False,True,False,East,2023-11-12
357,2829.4985150476723,18,85,True,True,False,East,2023-01-24
358,1233.7651182465554,17,576,False,True,False,North,2023-09-28
359,2561.8937071152445,5,65,False,True,True,West,2023-04-05
360,3684.2831625452677,12,468,False,True,False,East,2023-05-22
361,4794.778243705226,6,624,True,False,True,South,2023-07-01
362,1180.1854208025527,9,336,True,True,False,East,2023-07-25
363,4442.290683433791,1,648,False,True,True,North,2023-03-22
364,4678.090159420703,15,386,False,True,False,North,2023-10-01
365,4590.460668207124,6,210,False,False,True,North,2023-10-03
366,3213.5303486233583,19,97,False,False,False,East,2023-07-27
367,3186.1212067300676,18,321,False,True,False,West,2023-10-23
368,2075.7321026007317,6,721,False,True,False,South,2023-02-08
369,3786.7496232885605,13,210,True,True,False,North,2023-10-15
370,2703.3406899195666,1,463,True,True,False,West,2023-05-04
371,3419.446549018643,13,943,True,True,False,South,2023-12-30
372,2199.4437288590975,7,95,False,True,False,North,2023-10-10
373,3684.3326738113815,15,1074,False,True,False,South,2024-01-01
374,4139.91043626229,12,413,False,True,False,South,2023-06-29
375,817.537657353799,1,68,True,True,False,West,2023-04-07
376,4181.355606313717,15,851,True,True,False,South,2023-07-10
377,2747.4530057725055,4,631,True,True,False,North,2023-03-15
378,4238.862954542099,13,814,False,True,False,West,2023-09-30
379,2213.3783610709716,5,700,False,True,False,East,2023-02-18
380,1957.2983783768716,2,508,False,True,False,East,2023-12-03
381,4583.79758933439,1,590,True,True,False,West,2023-07-29
382,1330.7294109871664,16,130,True,True,False,East,2023-04-26
383,4236.640393902101,6,543,True,True,False,South,2023-01-23
384,2471.70080529608,16,205,True,True,True,North,2023-04-08
385,2619.0676685011726,14,267,False,True,True,South,2023-11-24
386,1611.4945792984718,3,939,True,True,False,West,2023-11-09
387,2907.906783033177,15,900,False,True,False,North,2023-07-09
388,1693.5348617534355,3,524,False,True,False,West,2023-07-01
389,292.42012978409633,2,976,False,True,False,West,2023-05-28
390,1432.7931661873447,1,784,False,True,False,West,2023-12-08
391,131.25731269229433,9,240,False,True,False,South,2023-01-23
392,4893.938456578598,9,169,True,True,False,North,2023-04-15
393,4832.161328116763,7,570,False,False,False,North,2023-06-12
394,2036.2609576142947,3,299,False,True,False,North,2023-03-08
395,3669.0171862642655,18,1065,True,True,False,South,2023-10-17
396,1794.4498822110825,11,535,False,True,False,East,2023-10-16
397,3388.356469721283,7,61,False,True,False,South,2023-02-15
398,4046.6072109252977,9,842,False,False,False,South,2023-03-22
399,4739.10559899198,1,391,True,True,False,West,2023-05-27
400,2061.040151663393,14,958,True,False,False,North,2023-08-10
401,3938.160116484634,6,129,False,True,False,North,2023-12-09
402,1403.049408097382,7,38,True,True,False,East,2023-01-15
403,4952.628288588877,10,726,False,False,False,East,2023-05-01
404,226.2710339453206,7,1082,False,True,False,West,2023-03-19
405,3057.2911518554924,2,491,True,True,False,North,2023-11-18
406,3331.579310091503,4,950,False,True,True,East,2023-10-22
407,3471.4232296632313,17,419,False,True,False,East,2023-08-29
408,689.8991360665361,1,661,True,True,False,North,2023-01-18
409,4698.795939018339,10,711,False,True,False,South,2023-09-13
410,987.7980673454057,19,186,False,True,False,East,2023-10-04
411,3151.491675875221,15,364,False,False,False,North,2023-01-27
412,1191.1127877031163,10,289,False,False,False,East,2023-01-02
413,1605.3604434042275,19,111,False,True,True,West,2023-12-19
414,2777.646854467809,12,783,False,True,False,East,2023-10-22
415,2144.247750966425,16,749,False,True,False,North,2023-11-08
416,885.1054447848808,9,104,False,True,False,East,2023-12-29
417,937.5883718621566,15,655,False,False,False,West,2023-08-27
418,2148.909461997718,17,91,False,True,False,West,2023-01-13
419,3810.6865935499536,14,903,True,True,False,East,2023-07-03
420,4500.026769554164,18,349,False,False,False,East,2023-07-13
421,512.2255450709758,2,131,False,False,False,West,2023-02-25
422,2026.209147041065,4,903,True,True,False,West,2023-08-18
423,591.2032622420954,18,983,False,True,False,South,2023-01-28
424,181.30315509972962,7,284,True,True,False,South,2023-11-16
425,3342.4215449553876,13,599,True,False,False,West,2023-03-12
426,3052.0022656362803,15,141,False,True,False,East,2023-07-29
427,898.7936576929424,1,1014,False,True,False,North,2023-07-03
428,1245.682882156014,11,1027,True,True,False,East,2023-12-22
429,216.16799285814005,10,490,False,True,True,East,2023-02-10
430,4191.241307902578,5,737,False,True,False,South,2023-09-17
431,4875.983920637902,16,916,True,False,False,South,2023-12-10
432,763.7517302939849,11,549,False,False,False,South,2023-03-25
433,1234.2285474499608,6,841,False,False,False,West,2023-02-15
434,4355.206667339977,9,265,False,True,True,West,2023-06-08
435,4639.672609985306,13,956,False,True,True,East,2023-12-10
436,2156.1741757533705,8,586,False,False,False,East,2023-01-07
437,348.0501141184632,14,678,True,True,False,North,2023-11-29
438,293.01998509481507,1,263,True,True,False,East,2023-05-16
439,2912.3543437381513,17,1085,False,True,False,East,2023-07-02
440,2025.1860335765773,5,608,False,False,False,South,2023-07-16
441,240.39689513050712,2,571,True,True,True,South,2023-06-21
442,2957.936722331528,9,143,False,False,False,South,2023-12-15
443,155.3824292862101,4,233,False,True,False,South,2023-10-03
444,3958.1225949314376,17,1082,True,True,False,South,2023-03-19
445,1601.5208312465206,17,672,True,True,True,North,2023-06-27
446,297.26421474523727,18,503,False,True,False,North,2023-01-27
447,2982.925882817451,16,726,False,True,False,North,2023-04-30
448,2048.653630721968,8,282,True,False,False,South,2023-10-08
449,4871.622025450032,11,934,False,True,False,West,2023-11-04
450,2766.5734462681407,18,415,False,True,False,South,2023-07-15
451,1448.6719870813406,10,91,False,True,False,South,2023-10-04
452,3576.250436706476,13,544,True,True,False,North,2023-01-18
453,1430.3108124592854,17,459,False,True,False,South,2023-10-22
454,4530.792127897069,18,609,False,True,True,North,2023-09-28
455,1936.1376554861445,10,772,False,False,True,South,2023-02-22
456,2794.3559576034054,16,704,False,True,False,East,2023-10-21
457,347.8082087387214,5,340,False,True,True,West,2023-02-21
458,2187.994065965931,13,500,False,True,False,West,2023-08-04
459,4178.581344338875,18,838,False,True,False,North,2023-03-13
460,4047.6791462803753,17,201,True,False,False,East,2023-01-28
461,1199.1609383822786,9,605,True,True,False,West,2023-09-09
462,1207.787447951757,14,60,False,False,False,North,2023-02-04
463,4104.79602984486,17,76,True,True,False,South,2023-07-20
464,4658.952258829695,4,159,True,True,True,South,2023-09-06
465,567.2685142377175,18,381,False,False,False,East,2023-04-09
466,2305.287333188504,15,1007,True,True,False,West,2023-11-04
467,1753.525966924722,11,87,True,True,False,South,2023-05-20
468,4366.373431741453,12,841,True,True,False,North,2023-03-24
469,509.27208193209196,9,797,False,False,False,South,2023-02-17
470,1134.5171185343834,13,712,False,True,False,South,2023-10-05
471,3787.094854173822,15,1026,False,True,True,West,2023-09-05
472,351.33986000795636,15,315,False,True,False,West,2023-06-26
473,2513.4233655000176,5,915,False,True,False,North,2023-02-21
474,2266.324469930628,19,426,False,False,False,East,2023-03-20
475,1738.5657770448684,14,55,False,True,False,East,2023-11-18
476,2033.4043450627266,17,342,False,True,False,South,2023-03-05
477,2696.7088759581416,18,155,False,False,False,North,2023-01-08
478,890.7000561030773,3,840,True,True,False,East,2023-08-02
479,2902.7798035896044,2,217,True,True,False,East,2023-01-25
480,4046.6184135699327,1,727,True,True,True,South,2023-09-13
481,3824.7885559717793,10,839,False,True,True,North,2023-08-31
482,854.1095329994911,19,745,False,True,False,East,2023-07-17
483,831.3224017332221,17,479,False,True,False,West,2023-04-04
484,1414.0544019500753,12,552,True,True,True,West,2023-07-26
485,1869.2661590710823,1,1015,False,True,False,South,2023-01-15
486,2101.4323489015646,12,687,False,True,False,South,2023-06-27
487,3430.5163624833917,17,626,False,True,False,South,2023-03-16
488,377.7341176125935,3,129,False,True,False,South,2023-04-14
489,269.8962507077253,11,645,False,False,False,East,2023-10-21
490,2020.3617584251542,17,977,False,True,False,North,2023-06-17
491,3516.1020914761043,3,585,False,True,False,South,2023-04-25
492,1047.8331804867646,8,307,False,True,False,South,2023-02-08
493,3243.3719581556334,4,520,True,False,True,East,2023-12-30
494,1373.1578759074673,7,284,True,False,False,South,2023-09-30
495,4441.82193318623,14,410,False,True,False,South,2023-05-15
496,4488.880726906421,14,921,True,True,False,North,2023-08-20
497,1556.7073009784997,4,571,False,True,False,West,2023-02-08
498,1226.9693944198784,16,854,True,True,False,South,2023-10-18
499,2115.389463124533,1,908,False,True,True,East,2023-11-03
500,1278.6047673827288,17,310,False,False,False,North,2023-02-16
501,3394.680832129348,10,802,False,True,True,East,2023-02-05
502,4147.7169542865995,16,872,False,True,False,North,2023-11-16
503,3398.151441464963,16,748,False,True,False,North,2023-04-05
504,4139.317191521812,8,357,False,True,False,South,2023-12-27
505,2045.2615948166233,7,240,True,False,False,South,2023-01-13
506,865.9531564734182,6,756,False,False,False,South,2023-05-26
507,3715.9596422482014,16,952,True,True,False,West,2023-03-06
508,1866.325075193614,16,581,False,True,False,West,2023-08-16
509,3389.227043622749,7,55,False,True,False,East,2023-08-30
510,1426.1553157106518,9,56,False,True,False,South,2023-01-08
511,498.0252105526961,14,731,False,True,True,West,2023-10-31
512,4963.650797890041,11,711,False,True,True,South,2023-12-07
513,865.3873888599364,14,442,False,False,True,West,2023-02-12
514,4943.262870421057,7,196,False,True,False,West,2023-09-01
515,4888.671669575591,1,198,False,False,False,North,2023-06-30
516,3989.708709149394,13,258,False,True,False,South,2023-03-26
517,3331.172514201788,3,396,False,False,False,South,2023-06-04
518,2931.254546230315,4,557,False,True,True,West,2023-10-02
519,4343.8975723513895,11,820,False,True,False,South,2023-01-23
520,1518.253655935491,2,553,False,True,False,West,2023-04-25
521,2391.6379411758976,14,135,False,False,True,South,2023-11-02
522,3135.0108498958593,12,761,False,True,False,North,2023-10-26
523,2114.8333317605066,17,994,True,True,False,South,2023-04-09
524,2194.683625042313,12,162,False,True,False,North,2023-04-14
525,1718.3948707602135,12,563,False,True,False,East,2023-02-20
526,2864.7359017542267,1,1004,False,True,False,South,2023-12-28
527,4267.815187274068,13,298,False,False,True,South,2023-04-22
528,1087.4890522309329,14,702,False,True,False,South,2023-09-01
529,4678.721889891863,2,820,True,True,False,North,2023-06-18
530,3476.5295033663256,12,47,False,True,False,South,2023-03-13
531,4134.038742132148,16,146,False,True,False,South,2023-05-19
532,2825.334393887057,4,827,True,True,False,West,2023-12-02
533,3919.631836977911,8,580,True,True,False,East,2023-08-19
534,179.38194696338934,2,958,False,True,False,North,2023-08-27
535,4110.064081419723,10,782,False,True,False,West,2023-09-10
536,296.68040951829596,9,451,False,False,False,North,2023-02-18
537,4460.575544178027,15,675,True,True,False,West,2023-10-30
538,4960.617461469352,13,587,True,True,False,East,2023-03-13
539,1540.9305646662112,17,79,False,True,False,West,2023-09-20
540,1130.560925800389,16,707,False,True,False,North,2023-11-18
541,3850.2804829043994,2,135,False,True,True,South,2023-08-10
542,1339.8290705092409,14,687,False,True,False,South,2023-03-18
543,4341.255677543797,3,1017,True,False,False,East,2023-03-03
544,603.9287015716359,12,871,False,True,False,North,2023-06-06
545,717.1804622588554,8,475,True,True,False,North,2023-10-21
546,4897.842619993016,2,99,False,True,False,North,2023-05-05
547,3401.810601523023,4,179,False,True,False,East,2023-08-17
548,4249.747399701869,14,803,True,True,False,South,2023-12-06
549,1689.2139490224383,16,973,True,True,False,West,2023-06-10
550,3414.7703726509617,19,484,True,True,False,East,2023-01-29
551,3011.7849538121263,2,975,False,True,False,West,2023-04-24
552,3055.4355886024405,12,630,False,True,False,South,2023-03-20
553,3444.409051734836,14,682,True,True,False,East,2023-01-23
554,2919.259948332583,6,754,False,True,True,South,2023-04-16
555,2202.4056095830633,13,262,True,True,True,West,2023-05-11
556,1452.0212024646796,4,280,False,False,False,North,2023-12-23
557,3866.04852147469,18,108,False,True,False,North,2023-06-22
558,1208.7349070156124,12,927,False,True,False,West,2023-09-21
559,3492.5361001566293,19,950,False,False,False,North,2023-12-08
560,1243.3308309817005,8,810,False,True,False,West,2023-10-12
561,3164.117832776824,7,255,False,True,False,East,2023-01-02
562,3760.6835089322417,16,1087,False,True,False,East,2023-08-21
563,1171.6980556420422,19,832,False,True,False,East,2023-09-08
564,393.7221742204106,6,771,True,False,False,North,2023-11-17
565,741.771340671453,11,160,True,False,True,South,2023-04-18
566,3069.3851396280247,5,1052,False,True,False,North,2023-10-03
567,4262.287390506104,16,661,False,True,False,North,2023-06-29
568,320.4844240535794,7,867,False,True,False,South,2023-08-01
569,3697.3411693040666,5,788,False,True,False,South,2023-10-20
570,1772.4613651552554,11,733,False,True,False,South,2023-03-13
571,2444.7890126056604,15,526,False,True,True,South,2023-10-10
572,4651.411794243271,3,352,False,True,False,North,2023-06-24
573,1726.6603732056428,5,644,False,True,False,West,2023-05-03
574,2380.1509763034815,5,358,False,True,False,East,2023-08-15
575,167.0438323273374,9,162,True,True,False,West,2023-10-28
576,499.833728023708,15,864,False,False,True,North,2023-03-24
577,1367.0987965604418,3,680,False,True,True,South,2023-09-10
578,236.47598002326458,6,150,False,False,False,East,2023-05-26
579,3193.73909763643,17,635,True,True,False,East,2023-04-30
580,2189.3519483279506,8,994,True,True,True,West,2023-03-06
581,2785.911493367308,11,158,False,True,False,North,2023-10-08
582,955.7712108920148,6,58,False,True,True,North,2023-10-10
583,1550.066944239419,8,751,False,True,False,North,2023-04-16
584,3352.739926778353,10,362,False,True,True,East,2023-10-27
585,4829.983345788959,3,973,False,True,False,West,2023-04-17
586,347.0421906508251,14,1077,False,True,False,East,2023-02-05
587,4462.883172190804,14,385,True,True,False,East,2023-05-27
588,2926.7178864249213,10,168,False,True,True,South,2023-09-19
589,2863.2058771025563,12,58,False,True,False,West,2023-06-08
590,2551.3648225180254,6,960,True,False,False,South,2023-09-22
591,440.0310209304986,12,525,False,True,False,North,2023-07-21
592,540.3965735071872,14,1043,False,True,False,East,2023-06-04
593,3044.4688277295218,2,684,False,True,False,West,2023-01-13
594,1770.6970000342358,9,857,False,True,True,North,2023-10-24
595,4594.613526230635,10,380,False,True,False,West,2023-11-18
596,2092.293633061414,17,583,True,True,False,East,2023-03-26
597,802.0791476429413,17,328,False,True,False,West,2023-10-07
598,3602.1222841599765,3,93,False,True,True,North,2023-09-02
599,1537.4317650609482,19,784,False,True,False,South,2023-10-27
600,2674.8045060438767,1,799,False,True,False,East,2023-12-28
601,3519.3806489753333,12,863,True,False,True,South,2023-12-20
602,4511.294144890145,7,195,True,True,False,East,2023-11-12
603,3981.736854528213,4,535,False,True,True,North,2023-01-09
604,3414.169232576348,10,822,True,True,False,East,2023-09-04
605,3430.2025937362037,13,862,False,True,True,South,2023-11-08
606,4735.030755757224,2,887,False,False,False,East,2023-10-05
607,1549.5380777330265,10,835,False,False,False,North,2023-08-26
608,105.4492615613183,4,790,False,True,False,East,2023-07-22
609,1432.5773410511736,18,862,False,True,False,South,2023-09-04
610,1167.6677601710455,5,312,False,True,True,North,2023-08-23
611,3342.989467058591,19,408,True,True,False,South,2023-03-22
612,3205.1868388510925,2,227,True,True,False,East,2023-12-22
613,3007.9607752531465,12,1044,True,False,False,West,2023-01-13
614,179.59287172632315,17,1053,False,False,False,South,2023-11-23
615,3671.0124668081726,10,585,True,False,False,East,2023-01-16
616,1685.2990211789086,2,385,False,True,False,West,2023-02-14
617,3358.7743461324926,6,1070,False,True,False,West,2023-11-17
618,2827.234299660551,8,668,False,True,False,North,2023-05-19
619,1779.381534596745,19,408,True,True,False,West,2023-11-22
620,759.423708810128,11,709,False,True,False,South,2023-05-28
621,562.6525985363567,12,535,True,True,False,South,2023-12-21
622,4174.4398322498955,9,928,False,True,False,West,2023-08-24
623,4600.147956199634,2,105,False,False,False,East,2023-07-10
624,3283.961429145068,8,260,False,False,True,South,2023-04-11
625,606.8271628163685,11,991,False,False,False,South,2023-04-15
626,2069.9333627523793,4,331,True,False,False,North,2023-09-07
627,3671.8020805152705,10,755,False,True,False,East,2023-04-04
628,3921.122331649334,16,244,False,True,False,West,2023-08-08
629,679.2712492263341,8,98,False,True,False,East,2023-10-25
630,100.15052234237383,4,422,False,True,False,North,2023-12-05
631,3589.4715248149646,10,296,False,False,False,North,2023-05-13
632,1847.3212623324075,12,640,False,False,False,East,2023-12-27
633,1346.9585249294753,14,1038,False,True,False,North,2023-06-04
634,163.19760196867466,16,991,False,True,False,North,2023-01-28
635,2747.4670931313485,18,757,False,True,False,North,2023-10-09
636,4270.63860358731,12,702,False,True,False,East,2023-04-26
637,4792.39506673568,18,452,False,False,False,North,2023-11-01
638,2872.1502580051174,7,144,True,True,False,West,2023-08-22
639,2620.8605059254814,7,249,True,True,False,West,2023-01-01
640,516.7762888972813,9,60,False,True,False,South,2023-12-14
641,2789.4767275587387,1,646,False,True,False,West,2023-08-28
642,1961.8974869304336,6,568,False,True,False,South,2023-02-27
643,3074.962876329527,6,768,True,False,False,East,2023-12-01
644,2004.7591045950787,12,1055,True,True,False,North,2023-07-02
645,1277.465704906797,12,900,False,True,False,West,2023-12-03
646,565.3298486190449,10,130,False,True,False,South,2023-01-26
647,1643.100378485589,6,721,True,True,False,East,2023-03-18
648,573.5596880099862,17,970,False,False,False,South,2023-08-05
649,966.7950590375212,19,370,False,True,False,North,2023-11-24
650,4937.947177039775,18,890,False,True,False,West,2023-11-21
651,2276.107428842431,6,1073,False,True,False,East,2023-09-19
652,2706.171655874581,19,67,False,True,False,South,2023-01-23
653,4380.730790812355,10,689,False,True,False,East,2023-09-01
654,4978.2876124043705,8,957,False,True,False,South,2023-06-07
655,2955.3008017889397,6,1079,True,False,False,South,2023-07-25
656,4081.121723116441,7,483,False,True,False,North,2023-11-06
657,1702.0110192497089,1,766,False,True,False,North,2023-03-28
658,1598.1453914917265,18,848,False,True,False,South,2023-09-24
659,2073.248232873345,12,802,False,True,False,West,2023-05-14
660,3395.2855871008805,16,42,False,False,False,East,2023-09-24
661,3442.739277349984,10,944,False,True,False,East,2023-11-29
662,1644.673229782309,10,950,True,True,False,North,2023-09-25
663,752.7286282694806,14,854,False,False,True,West,2023-02-22
664,3198.741656680992,10,400,False,True,False,South,2023-04-09
665,728.7967247249461,10,361,False,True,False,North,2023-09-04
666,2934.613290323717,11,290,False,True,False,South,2023-02-05
667,3497.768427475914,2,726,False,True,False,South,2023-01-28
668,3532.996332332813,8,716,True,True,True,North,2023-08-08
669,3792.013342232024,7,979,False,True,True,West,2023-04-12
670,4377.011165671756,8,416,False,True,False,East,2023-09-20
671,2549.7990606274634,1,850,False,False,False,North,2023-09-28
672,3678.221028694899,2,497,False,True,False,West,2023-08-12
673,3133.9464032926,18,98,False,True,False,South,2023-05-19
674,1014.5357050086445,15,229,False,True,False,North,2023-10-07
675,225.87925986010003,1,245,False,False,False,East,2023-10-13
676,1494.2527898169756,5,241,True,True,False,East,2023-09-07
677,2270.865161054335,2,537,False,True,True,South,2023-11-18
678,3123.8191277004157,3,45,True,True,False,North,2023-11-13
679,4264.800719465707,19,913,True,True,False,East,2023-03-19
680,1061.6040118602116,18,361,True,False,False,North,2023-10-24
681,715.1939705025378,18,746,False,True,False,East,2023-12-04
682,4821.051742624205,14,580,False,True,False,South,2023-11-03
683,629.4183409443948,8,971,True,True,True,South,2023-12-17
684,2444.606243525227,12,285,True,True,False,North,2023-01-13
685,2969.262271087179,10,1021,False,False,False,West,2023-12-12
686,2752.7346624464476,17,757,True,True,False,West,2023-03-23
687,521.5575694614217,11,909,False,True,False,South,2023-01-09
688,379.4318786177349,2,844,True,True,False,East,2023-08-01
689,616.8687945590748,4,678,False,True,False,West,2023-02-17
690,2969.3796509758013,1,1029,False,True,True,South,2023-02-18
691,2767.2899494081735,15,500,False,True,False,East,2023-11-05
692,1245.3298809800467,13,719,False,True,True,East,2023-02-09
693,3225.0932950433985,8,729,False,True,False,West,2023-12-29
694,4118.330760072682,4,536,True,True,False,South,2023-10-07
695,303.73690324830943,10,1021,False,True,False,East,2023-08-14
696,2540.836723385408,19,1039,False,True,False,East,2023-04-18
697,3477.6210193031825,18,833,True,False,True,North,2023-09-02
698,1336.3284426414666,5,860,True,True,True,North,2023-09-12
699,1608.0774359364307,19,243,False,True,False,West,2023-02-02
700,3106.8257246479807,16,198,True,True,False,North,2023-01-23
701,4499.882937874311,1,1007,False,True,False,South,2023-11-29
702,4068.629659484207,12,175,False,False,True,West,2023-02-23
703,2957.338073587959,2,545,False,False,False,West,2023-11-05
704,3678.086417010521,8,482,False,True,False,North,2023-02-18
705,1887.6301040182136,18,89,False,True,False,East,2023-03-19
706,3240.731087683913,16,557,True,False,False,South,2023-12-02
707,2384.289796525029,5,1053,False,True,False,South,2023-12-24
708,1030.6870686420484,13,503,True,True,False,South,2023-05-02
709,3538.5175419985603,19,786,False,True,True,West,2023-12-25
710,2826.6767230092278,3,811,False,False,False,South,2023-03-31
711,1857.2457515725978,8,462,True,False,False,East,2023-12-12
712,4565.5620313852905,12,430,False,True,False,East,2023-07-12
713,202.577177350993,2,86,True,True,False,North,2023-09-01
714,1647.2884411225305,11,1032,False,False,False,South,2023-05-29
715,378.7188491104681,12,215,False,True,False,West,2023-05-26
716,3855.983849485973,18,427,False,True,False,North,2023-11-12
717,3540.3265251575835,13,634,True,True,False,East,2023-05-21
718,1723.6258718079534,5,817,False,True,False,South,2023-10-13
719,3410.748220814658,12,187,False,True,False,East,2023-12-05
720,2040.0924083601542,2,618,False,True,True,North,2023-04-21
721,3805.643577969928,5,495,False,False,False,East,2023-04-18
722,2325.49994740986,7,475,True,True,False,South,2023-10-08
723,2120.170666375161,12,830,False,True,False,South,2023-02-19
724,4680.176585892675,16,958,False,True,False,North,2023-01-14
725,1329.3075894644312,8,46,False,True,False,South,2023-05-14
726,690.1919659831706,9,760,False,True,False,East,2023-03-17
727,2964.261254971345,15,355,False,True,False,East,2023-03-25
728,4849.676880192476,5,1024,False,False,False,West,2023-12-09
729,1951.4121472632146,13,642,True,True,False,West,2023-06-07
730,403.98014178102943,5,575,True,True,False,West,2023-10-13
731,1762.5958098168805,11,625,False,True,False,East,2023-11-10
732,2579.0651061658364,10,950,False,False,False,East,2023-04-04
733,893.4227324978472,13,871,False,True,False,North,2023-10-24
734,3324.700868476811,9,373,False,True,False,West,2023-04-04
735,4988.972006149983,14,888,False,True,False,East,2023-02-26
736,2313.523432309075,18,474,True,False,False,North,2023-06-13
737,1838.1699279780419,15,251,False,True,False,East,2023-11-16
738,2063.4504174888866,10,621,False,True,False,North,2023-04-08
739,664.2162741364856,7,1060,True,True,False,West,2023-01-16
740,4428.0406469884965,8,1047,True,True,False,West,2023-12-10
741,2132.6457120546247,3,45,False,True,True,West,2023-03-19
742,1997.6446159817224,15,553,True,True,False,East,2023-12-12
743,3332.4823373593244,16,832,False,True,False,East,2023-03-13
744,2265.963762562505,4,50,True,True,False,North,2023-09-27
745,3276.3439971584457,6,257,False,True,False,South,2023-10-14
746,401.0868216408588,1,1037,False,True,True,South,2023-03-07
747,4087.2443842389143,4,838,False,False,False,West,2023-03-09
748,4708.469369109072,11,433,True,False,False,South,2023-07-12
749,3278.950392180991,12,466,True,True,False,West,2023-02-24
750,4777.373051408173,5,858,False,True,False,North,2023-06-17
751,842.0183404128202,16,963,False,True,False,South,2023-01-25
752,2439.3393284537333,13,288,True,False,False,South,2023-05-11
753,3048.8529963326914,13,132,True,True,False,West,2023-11-21
754,2950.5095723638146,17,1022,False,True,False,North,2023-04-12
755,2067.162717536312,7,798,False,True,False,South,2023-10-09
756,1756.6136058946809,8,842,True,False,False,South,2023-10-23
757,721.4377104970521,13,255,True,True,True,South,2023-10-21
758,2019.538007755163,16,972,False,True,False,North,2023-09-20
759,897.0379940168772,4,492,False,True,True,North,2023-04-30
760,3698.39181481187,8,266,False,True,True,South,2023-08-19
761,1123.2715839234909,16,1079,False,True,False,West,2023-10-18
762,386.96999589421586,10,535,True,True,False,West,2023-06-10
763,2806.5940753044483,12,843,False,True,True,South,2023-06-10
764,3016.625690325068,12,796,False,False,False,North,2023-03-19
765,4372.374000274477,5,663,False,True,False,South,2023-02-07
766,2927.209900846641,16,1020,False,True,False,North,2023-01-28
767,1792.856183244884,1,647,True,True,False,South,2023-04-10
768,4034.7582194789707,9,302,False,True,False,North,2023-10-21
769,2747.366576618363,12,261,False,False,False,East,2023-05-04
770,488.4733946928395,5,797,False,True,False,West,2023-04-02
771,2872.6677455349086,3,525,False,True,True,East,2023-09-12
772,4549.2908725661455,5,1077,True,False,False,West,2023-04-07
773,2041.9318649412808,2,531,False,False,False,North,2023-01-06
774,1551.9964293090204,14,54,False,False,False,East,2023-06-18
775,803.0003393882982,2,317,False,True,False,West,2023-09-28
776,842.0830574832509,13,367,False,True,False,South,2023-04-18
777,2220.5802732749125,7,1090,False,True,False,North,2023-10-26
778,3018.8311383914947,10,166,False,True,False,North,2023-02-16
779,495.0154853310486,13,537,True,True,False,South,2023-04-09
780,4703.886086223312,16,256,True,True,False,South,2023-01-14
781,3800.15472548146,14,349,False,True,False,West,2023-07-13
782,2974.457199589947,11,945,True,True,True,North,2023-06-06
783,4159.349487601055,10,115,False,True,False,West,2023-06-03
784,492.9151083793551,6,955,False,True,False,South,2023-04-25
785,2436.5105008923097,4,82,False,True,False,North,2023-09-15
786,3187.456321622151,1,889,True,False,False,South,2023-05-25
787,4160.399239979617,7,896,False,True,False,West,2023-10-18
788,3939.000844241412,9,462,True,True,False,West,2023-01-10
789,1457.6393235956582,8,1028,False,False,False,West,2023-08-02
790,4710.312830840101,5,129,False,True,False,North,2023-08-21
791,709.2946230112648,19,1019,False,False,False,South,2023-06-20
792,4388.154731243645,10,628,False,True,False,South,2023-01-21
793,4857.6072230626305,11,432,True,True,False,West,2023-01-15
794,968.0522637908653,15,425,False,True,False,West,2023-05-06
795,3638.123714598548,6,444,True,True,False,West,2023-12-07
796,297.39904201219247,15,968,False,False,False,West,2023-12-07
797,2086.5718431818595,5,706,True,True,False,East,2023-08-01
798,2629.7881660686025,19,492,False,True,False,East,2023-07-07
799,2945.161606957207,19,570,False,True,False,East,2023-06-21
800,4686.092516417942,10,113,False,True,False,West,2023-09-04
801,3394.028367741554,12,300,False,True,False,West,2023-01-05
802,2458.2619609742615,4,273,False,True,False,South,2023-08-19
803,4067.4076777028577,18,417,True,True,False,North,2023-07-20
804,4757.610822676604,16,243,False,True,False,South,2023-05-29
805,208.12412854322514,8,847,True,True,False,East,2023-03-13
806,4914.354234054589,4,88,False,True,False,South,2023-08-14
807,522.0474814120337,12,912,False,True,False,West,2023-03-15
808,4090.4952184169306,2,872,False,False,False,East,2023-11-03
809,1473.6402875019212,4,953,False,True,False,East,2023-06-18
810,747.6803229939716,5,152,False,True,False,North,2023-09-06
811,2255.292634597791,3,468,False,True,True,North,2023-10-07
812,3255.3872392933063,9,1051,True,True,False,East,2023-06-01
813,1966.6640406150275,18,591,False,True,False,East,2023-08-12
814,367.3705005852249,11,147,False,True,False,South,2023-08-13
815,3037.359584327711,3,934,False,True,False,East,2023-02-07
816,4521.776052942306,2,424,False,True,True,West,2023-02-13
817,1977.7552931415332,9,905,True,True,False,South,2023-07-04
818,1160.0306103910525,14,964,False,True,False,West,2023-08-29
819,2268.6289950707956,4,981,False,True,False,West,2023-11-27
820,336.97728413902627,9,104,True,True,False,West,2023-12-17
821,4120.389163953347,13,324,True,False,False,East,2023-07-29
822,4149.0699736559145,18,50,False,True,False,North,2023-01-23
823,2981.202270805179,15,1068,False,True,False,North,2023-05-04
824,1830.2041557981086,10,589,False,True,False,West,2023-03-27
825,4018.9384857843384,16,401,False,False,False,East,2023-02-12
826,2817.9664214629993,12,847,False,True,False,South,2023-02-09
827,4147.068311895079,5,875,True,True,False,West,2023-10-30
828,3194.148083656801,2,550,False,True,False,South,2023-06-18
829,3943.586818742707,10,400,True,True,True,South,2023-06-24
830,3032.9586667670237,1,130,False,True,False,East,2023-01-20
831,2129.2912342567643,7,690,False,True,False,East,2023-04-19
832,4793.934713638074,17,997,False,False,False,North,2023-07-12
833,2751.4577419063394,16,272,False,True,False,North,2023-09-01
834,3064.938640848638,3,782,False,True,False,East,2023-11-20
835,1180.3894331322713,14,541,True,False,False,West,2023-10-07
836,3165.688868193655,10,878,False,True,False,North,2023-08-16
837,2900.8774824664247,7,584,True,False,True,South,2023-02-05
838,1005.7081499404222,17,255,False,True,False,West,2023-02-14
839,391.9767770304042,6,243,False,True,False,South,2023-01-28
840,3061.3606666023784,4,747,False,True,True,East,2023-06-03
841,3842.0921198165706,17,96,False,True,False,South,2023-01-23
842,2664.6667175178404,9,425,False,True,False,West,2023-07-26
843,1211.185864066264,4,641,True,False,False,East,2023-04-01
844,3365.957685795871,7,1065,False,False,False,West,2023-12-25
845,492.518060387051,2,799,False,True,False,South,2023-02-07
846,2264.9851535295775,17,436,False,True,False,West,2023-08-16
847,900.497116152259,8,954,False,True,True,East,2023-07-21
848,1003.8493501934284,15,676,False,False,True,South,2023-12-16
849,1091.240350875198,15,251,False,True,False,South,2023-11-05
850,1994.8645795154916,8,683,True,True,False,North,2023-09-11
851,350.63600753994837,16,457,False,True,False,North,2023-02-07
852,2049.187860552581,19,1006,False,True,False,West,2023-08-09
853,2607.366490862034,11,1035,False,False,False,North,2023-07-06
854,2468.1419963349936,2,400,False,True,False,North,2023-02-12
855,1975.6420919748987,17,879,True,True,False,North,2023-12-25
856,4211.8183795466875,16,885,True,True,False,North,2023-04-24
857,812.1007928604702,15,258,True,True,False,East,2023-09-17
858,2577.9140445287326,13,309,False,True,False,East,2023-01-05
859,404.002943087116,15,1004,True,True,False,North,2023-03-09
860,448.66282650175776,4,787,False,True,False,West,2023-08-16
861,2911.942663417772,16,1077,False,True,False,East,2023-05-03
862,2873.4902819503227,12,350,False,True,False,North,2023-06-22
863,4402.3642129378395,4,303,False,True,False,East,2023-12-02
864,2833.5810107343586,3,585,True,True,False,South,2023-06-02
865,4802.975999983766,17,873,True,True,False,East,2023-09-24
866,338.60475715965583,18,697,False,True,False,East,2023-06-06
867,580.2376554256311,18,1029,True,True,False,West,2023-06-11
868,315.9227216948688,17,409,False,True,False,East,2023-08-02
869,1007.8565666343461,12,740,False,True,False,West,2023-01-26
870,2752.2235436142228,4,775,False,False,True,South,2023-10-19
871,3263.3036889943974,12,704,True,True,False,North,2023-07-08
872,323.3672739484771,15,145,False,True,False,West,2023-05-02
873,4735.257360243437,16,634,True,True,False,East,2023-08-18
874,4226.610345586867,5,408,False,True,False,East,2023-02-28
875,1553.4011625697563,15,495,False,False,False,West,2023-04-06
876,478.218898109693,17,309,False,True,False,South,2023-09-19
877,932.4466587733806,18,647,False,False,False,North,2023-12-20
878,722.0276273993661,5,147,False,False,False,East,2023-11-08
879,704.0905185648396,13,338,False,False,False,South,2023-05-16
880,2640.9522744620963,19,129,False,False,False,North,2023-12-16
881,1304.6524682176614,13,290,True,False,True,North,2023-10-10
882,1854.884610992808,18,1022,False,True,False,East,2023-04-30
883,4948.57613358318,14,315,False,True,False,West,2023-01-25
884,3453.139819734189,4,357,True,True,False,East,2023-12-08
885,4750.005268530306,4,92,True,True,False,East,2023-05-26
886,798.5271196622664,19,716,True,False,False,East,2023-01-12
887,1972.4834266795895,13,767,True,True,False,South,2023-03-28
888,2818.185836083536,12,1060,False,False,False,West,2023-04-19
889,476.11450325481627,7,668,False,False,False,South,2023-12-11
890,120.51847377699355,12,965,False,True,False,East,2023-09-23
891,3385.128235604896,4,505,False,True,False,West,2023-08-10
892,3244.915632327033,2,82,False,True,False,North,2023-03-15
893,2112.865168998098,2,783,True,True,False,West,2023-11-29
894,2499.25597255696,5,515,False,True,False,East,2023-11-06
895,2135.670702901239,10,438,False,False,False,West,2023-04-12
896,217.6247197399554,10,1060,False,True,False,North,2023-05-17
897,1743.3208704655658,9,697,False,True,False,North,2023-07-10
898,967.7030514467202,13,864,False,True,True,West,2023-05-22
899,582.2785265967068,7,905,True,True,True,North,2023-12-23
900,4787.930126057814,5,396,False,True,False,South,2023-03-14
901,3036.8626527066117,10,1031,True,True,False,West,2023-11-24
902,3670.4157927593533,10,279,False,True,True,North,2023-06-16
903,1645.2823420039756,6,409,False,True,False,North,2023-06-17
904,2026.4209345206746,19,901,True,True,False,West,2023-02-23
905,1260.927570093945,8,864,False,False,False,South,2023-09-16
906,575.1317877305812,1,804,True,True,False,West,2023-04-21
907,977.2550234637606,17,948,False,True,True,North,2023-08-20
908,4007.8188219527806,7,484,False,True,False,West,2023-06-10
909,3419.9744454005017,14,395,False,True,True,North,2023-12-18
910,2779.951492328837,17,432,True,True,False,East,2023-11-23
911,2427.9403770471636,9,87,False,True,False,West,2023-01-19
912,4619.92798991501,17,550,False,True,True,West,2023-10-17
913,456.40124411547515,5,239,False,True,False,North,2023-02-19
914,1474.9439848657883,8,1094,True,True,False,North,2023-06-24
915,1814.695482496499,6,845,False,True,False,North,2023-10-29
916,3933.8864798426603,11,202,False,True,False,North,2023-07-03
917,4963.32163879366,19,263,True,True,False,West,2023-07-04
918,1279.28552231005,4,822,False,True,False,North,2023-12-05
919,4384.105937271695,18,822,False,False,False,West,2023-11-03
920,4170.051526115778,1,1092,False,True,False,South,2023-11-06
921,1200.8212484446565,13,148,False,True,False,West,2023-12-12
922,2056.729642976191,14,364,False,True,False,North,2023-03-22
923,2107.397059533344,1,353,False,False,False,North,2023-06-05
924,4893.281275780136,11,1040,True,True,False,South,2023-10-02
925,986.3703167566018,17,313,False,True,False,West,2023-10-10
926,4015.874058413432,4,242,False,True,False,South,2023-09-06
927,1737.5442994482387,12,958,False,True,False,West,2023-05-27
928,3681.264694303186,10,781,False,True,False,North,2023-01-07
929,2158.053921048748,6,368,False,True,False,West,2023-06-06
930,2933.962839271046,1,1075,False,True,False,North,2023-06-20
931,4179.797689298042,7,134,False,False,False,North,2023-03-10
932,4040.411268421032,16,799,False,True,False,East,2023-04-04
933,4345.473599344531,14,745,False,True,False,East,2023-12-29
934,392.1248941888292,6,792,True,True,False,West,2023-07-05
935,3491.0477098947495,5,408,True,True,False,North,2023-06-19
936,785.9381459366381,18,742,False,True,False,South,2023-07-23
937,2137.510983290214,15,254,False,False,False,North,2023-02-11
938,2788.0832337679735,6,767,False,True,False,South,2023-01-13
939,2073.4234752594707,19,265,True,False,False,West,2023-06-03
940,2646.097211434737,1,212,True,True,False,West,2023-10-01
941,4982.978913113234,1,741,True,True,False,South,2023-10-25
942,762.5648371929882,13,473,True,False,True,South,2023-02-20
943,3409.7346221484854,3,652,True,True,False,North,2023-07-31
944,2040.4047352895145,10,1059,False,True,False,West,2023-05-24
945,751.748014645911,3,778,False,True,False,North,2023-12-23
946,877.8101405341167,9,184,False,True,False,South,2023-01-03
947,4751.4382206035225,8,286,False,True,False,East,2023-09-11
948,4410.047333887634,3,264,False,True,False,East,2023-12-01
949,4544.505606033607,13,529,True,True,False,East,2023-09-13
950,4958.510601554194,6,318,True,True,False,South,2023-04-08
951,1120.745411041738,13,539,False,True,False,North,2023-06-22
952,1841.6527530839026,12,738,False,False,False,West,2023-05-30
953,3379.1732466318467,13,814,False,True,False,South,2023-10-06
954,2470.6324453171715,2,923,False,True,False,East,2023-02-28
955,2150.108713553834,16,805,False,False,False,North,2023-04-23
956,1853.2751217444059,6,327,False,True,False,West,2023-11-20
957,3009.5250965229156,19,166,False,False,False,West,2023-08-31
958,2920.407800336402,13,405,False,True,False,South,2023-11-06
959,891.1433869147764,17,116,False,True,False,South,2023-02-26
960,2411.5252038403514,9,466,False,True,False,West,2023-03-01
961,2812.0117034282644,17,793,True,True,False,West,2023-11-25
962,2894.4059997838135,2,731,False,True,False,East,2023-08-04
963,1129.5252452705238,19,971,False,False,False,West,2023-08-21
964,3737.129822036205,19,181,False,False,False,South,2023-02-24
965,223.4755646232412,7,1061,False,False,True,North,2023-07-27
966,1838.676092161497,10,836,False,True,False,East,2023-03-04
967,3923.0419778246046,10,264,False,True,True,East,2023-07-03
968,2863.0753131714714,9,704,False,True,True,West,2023-11-07
969,1379.695919303215,17,590,False,True,False,North,2023-10-08
970,3505.2702847809337,15,67,True,True,False,East,2023-01-26
971,2880.2156263647594,2,851,False,True,False,South,2023-06-26
972,4001.593686336297,4,450,False,True,True,West,2023-03-04
973,3701.6234123301347,19,377,True,True,False,South,2023-03-14
974,3089.52881797755,17,777,True,True,False,West,2023-12-01
975,2492.0706090229887,5,302,False,False,False,East,2023-06-16
976,752.5924157708647,7,337,False,True,False,West,2023-08-13
977,1380.5317876383804,18,1005,False,True,False,North,2023-03-06
978,2153.587417293718,7,762,True,True,False,South,2023-03-10
979,3036.5665063313045,17,1062,False,False,False,North,2023-01-09
980,2617.1684905549937,7,473,False,True,False,South,2023-08-24
981,1512.1041772016945,4,434,True,False,False,South,2023-07-17
982,131.67535316958168,8,882,True,False,False,West,2023-06-22
983,2531.5721873139883,13,807,False,False,False,East,2023-10-09
984,1499.5673439549912,4,144,False,True,False,East,2023-01-28
985,3699.580673481622,6,94,False,True,False,North,2023-10-23
986,217.33669982536912,5,854,True,True,False,West,2023-05-14
987,2965.6562753983753,12,268,False,True,False,East,2023-01-27
988,4713.223763779721,4,331,False,True,False,South,2023-02-07
989,954.6054088463476,9,998,True,True,False,South,2023-07-15
990,2411.0825046779173,4,398,False,True,False,West,2023-07-22
991,547.967759903977,19,262,False,True,False,North,2023-03-26
992,3165.8413700806277,14,224,True,True,False,West,2023-11-16
993,2797.6052349215056,5,936,False,True,True,North,2023-01-30
994,2096.091068642879,18,1065,False,True,False,West,2023-04-09
995,2654.747405221332,10,950,False,True,False,South,2023-07-09
996,4493.21582649815,19,718,True,True,False,West,2023-01-12
997,1061.8420813242285,12,206,True,False,False,East,2023-04-01
998,210.56610735620143,18,246,False,True,False,East,2023-01-30
999,4322.157935025594,17,1064,False,True,False,West,2023-08-01
1000,2927.8737037007418,11,659,True,True,False,North,2023-02-07
