date,revenue,region,channel,product_category
2023-04-13,9388.129080312407,North,Online,Software
2023-12-15,3885.7797294356287,West,Partners,Hardware
2023-09-28,6344.947878021089,West,Partners,Services
2023-04-17,4323.074333589066,West,Online,Hardware
2023-03-13,5088.411749971897,West,Partners,Hardware
2023-07-08,5937.428061443379,West,Online,Software
2023-01-21,5940.297819000795,West,Partners,Hardware
2023-04-13,2815.5741609721226,North,Direct,Hardware
2023-05-02,7161.1439309185,East,Direct,Hardware
2023-08-03,1790.8130011839112,South,Online,Hardware
2023-11-27,2249.4229609781833,West,Online,Services
2023-03-29,1024.398094728967,South,Online,Software
2023-04-10,2050.264577275132,North,Partners,Software
2023-12-26,5258.49580946703,West,Online,Services
2023-06-01,6454.916929502548,East,Direct,Hardware
2023-05-11,8148.605049698162,South,Partners,Services
2023-05-30,1960.2932510209246,West,Online,Hardware
2023-11-05,8656.547140148094,North,Partners,Services
2023-09-15,7713.770729938463,East,Partners,Software
2023-12-10,4676.664636423252,South,Online,Software
2023-10-21,9396.442603899592,South,Partners,Software
2023-07-11,9918.365288116516,West,Direct,Hardware
2023-10-04,2845.016290479135,East,Direct,Hardware
2023-06-10,4413.057264674204,East,Partners,Services
2023-11-10,9338.0448123074,East,Online,Services
2023-01-22,7494.368956761495,East,Partners,Software
2023-09-10,1432.8517956767892,North,Direct,Hardware
2023-08-24,8033.630335762734,East,Partners,Services
2023-12-11,8451.467984597428,South,Partners,Hardware
2023-02-18,7754.517322887822,South,Direct,Hardware
2023-02-28,8195.83417827564,North,Partners,Software
2023-06-19,8426.194090235174,South,Partners,Software
2023-07-07,2677.644881093297,South,Online,Hardware
2023-09-28,3121.225714584998,East,Online,Hardware
2023-07-09,6703.827073481595,South,Direct,Hardware
2023-06-24,9170.795174162644,North,Direct,Hardware
2023-02-20,3845.7692406684514,East,Direct,Software
2023-12-30,6294.760082155511,West,Online,Services
2023-02-24,7146.838570754192,East,Direct,Software
2023-09-01,5067.537411691354,North,Direct,Services
2023-11-16,7424.0420936979335,East,Direct,Hardware
2023-05-11,9097.007007629558,East,Online,Services
2023-11-03,6616.913897636538,North,Partners,Software
2023-05-15,5858.029557231697,East,Direct,Software
2023-01-21,4948.702078495051,North,Partners,Hardware
2023-11-25,6197.376438155131,North,Direct,Software
2023-06-16,4198.262066365563,West,Partners,Hardware
2023-10-01,4523.338991813517,South,Online,Software
2023-03-30,5786.717317193566,South,Online,Software
2023-11-12,1599.5720115173526,East,Direct,Hardware
2023-01-14,3061.228518323167,East,Partners,Services
2023-08-30,5885.64379552068,West,Online,Software
2023-09-22,4883.753288227983,West,Direct,Services
2023-12-12,3995.3420732123586,West,Direct,Software
2023-02-22,7574.942231283713,North,Online,Software
2023-12-06,7243.458466630046,West,Online,Software
2023-04-02,2500.5768399404487,West,Direct,Software
2023-09-21,8907.662038360944,East,Partners,Services
2023-02-04,5458.81263763569,West,Partners,Services
2023-07-25,7673.1482002514085,North,Partners,Software
2023-03-22,6158.357643316498,North,Direct,Software
2023-02-19,9979.233543314589,East,Online,Services
2023-12-26,7771.628080349405,West,Direct,Hardware
2023-01-02,7362.824151191131,West,Online,Hardware
2023-02-23,8007.14745145676,North,Partners,Services
2023-04-16,2288.151869936227,West,Partners,Software
2023-09-17,2840.901338525169,West,Online,Software
2023-11-06,7426.576740012528,West,Online,Hardware
2023-07-10,5445.833384177764,South,Direct,Hardware
2023-08-06,7791.71762674105,East,Partners,Services
2023-02-13,1926.2442766973052,South,Direct,Hardware
2023-06-11,5828.332163361352,East,Direct,Services
2023-07-21,4409.394090012242,North,Direct,Hardware
2023-09-27,5113.001973535105,West,Partners,Hardware
2023-12-17,6435.620848652613,East,Direct,Hardware
2023-10-31,5520.595127162771,South,Direct,Software
2023-09-28,5858.745734015531,West,Direct,Software
2023-08-03,5377.21733796047,North,Direct,Software
2023-09-09,4680.596593769439,East,Direct,Hardware
2023-07-09,7946.937825384206,East,Direct,Services
2023-10-23,1109.8276508624006,East,Partners,Services
2023-08-01,6385.984310847043,West,Direct,Services
2023-07-27,6089.575125906765,South,Online,Services
2023-08-25,7445.611672596569,South,Direct,Software
2023-12-04,6391.264282995939,East,Direct,Software
2023-02-22,8441.189450281705,North,Partners,Hardware
2023-10-07,9631.67315107625,North,Partners,Hardware
2023-08-05,4082.7183146068905,South,Online,Services
2023-09-09,3046.158847269883,North,Online,Software
2023-07-07,4812.371761784346,South,Partners,Services
2023-02-10,3591.366548281535,East,Partners,Hardware
2023-06-06,6534.55236837389,South,Direct,Hardware
2023-01-15,9206.671679586681,South,Partners,Services
2023-10-28,2252.045747287557,East,Online,Hardware
2023-03-06,1907.1514271429785,North,Direct,Services
2023-12-11,3304.1397866829598,South,Online,Software
2023-11-23,7534.860274561607,South,Direct,Services
2023-01-09,6336.666147329394,East,Partners,Software
2023-12-10,1919.9139780267963,North,Online,Software
2023-05-09,9268.754700346719,South,Direct,Hardware
2023-05-16,8110.761734116781,East,Direct,Hardware
2023-03-04,1207.2034430887377,South,Partners,Hardware
2023-05-19,6862.3048988942155,West,Partners,Services
2023-03-22,7941.220016677642,East,Partners,Services
2023-06-12,4369.918327483798,North,Online,Hardware
2023-10-16,1620.293854304969,North,Direct,Services
2023-09-18,1695.8895893990853,North,Partners,Hardware
2023-08-19,1938.2226944662855,North,Online,Services
2023-02-10,8563.956687823807,South,Online,Software
2023-01-28,9196.175784301418,South,Online,Software
2023-05-15,2105.297036611604,North,Partners,Hardware
2023-07-20,3123.154311355731,North,Partners,Services
2023-11-24,2489.684593305608,North,Direct,Services
2023-09-25,2676.887915447086,South,Direct,Software
2023-02-02,8537.417101022429,North,Partners,Software
2023-02-17,3989.3177138944507,North,Online,Hardware
2023-03-03,3802.9983764107706,West,Online,Software
2023-08-04,3046.5605878940137,West,Online,Hardware
2023-10-20,6471.049544148328,North,Direct,Software
2023-04-09,4413.75128546994,East,Online,Software
2023-06-21,7698.246866589599,North,Direct,Services
2023-12-26,2850.2182753807374,West,Direct,Software
2023-08-02,8090.108998430432,East,Online,Software
2023-02-04,6433.493785571251,East,Online,Hardware
2023-08-15,2028.4057005011898,North,Partners,Software
2023-04-11,4730.541257832649,West,Partners,Hardware
2023-05-11,8771.663265516612,West,Online,Software
2023-09-14,9306.642086186364,East,Direct,Software
2023-01-05,5191.301100869318,North,Direct,Hardware
2023-08-06,5327.532802801662,South,Direct,Services
2023-09-12,9266.09252445371,South,Direct,Hardware
2023-12-25,6283.614017229105,West,Direct,Hardware
2023-10-10,1295.620032190945,South,Partners,Hardware
2023-07-26,9214.74516591216,West,Online,Services
2023-01-15,3234.037984814367,West,Partners,Software
2023-12-12,6198.687586823925,West,Direct,Hardware
2023-02-11,2489.6198568517643,South,Direct,Hardware
2023-06-28,1304.912442219355,West,Direct,Services
2023-03-04,3803.2585401948168,East,Direct,Hardware
2023-12-18,8024.461367914789,North,Online,Software
2023-08-19,3498.2845536647633,North,Direct,Services
2023-08-29,2980.8749267298736,West,Online,Software
2023-02-21,2914.1270590710365,North,Direct,Software
2023-04-06,5636.563141661313,South,Online,Services
2023-08-10,9779.871841144806,South,Partners,Hardware
2023-08-19,5130.900892153118,North,Direct,Software
2023-08-25,6015.748320010431,South,Online,Software
2023-05-23,8745.688161016606,North,Partners,Software
2023-06-20,5815.627470402927,North,Direct,Software
2023-01-29,2660.165842769705,North,Direct,Services
2023-02-05,3696.3632058982935,West,Direct,Services
2023-01-13,3789.4323364174984,North,Online,Software
2023-06-09,4575.8630391183815,West,Online,Hardware
2023-11-23,4841.100148030744,North,Partners,Software
2023-07-06,8198.038198668424,North,Online,Hardware
2023-08-31,4144.482991443997,North,Online,Software
2023-03-27,5214.086455972414,South,Direct,Hardware
2023-10-11,6624.78388345947,West,Direct,Software
2023-03-07,4399.533526961524,West,Direct,Hardware
2023-06-19,8529.083319630996,North,Direct,Software
2023-02-14,6287.082438106669,North,Direct,Software
2023-03-03,3646.4021129887437,South,Direct,Hardware
2023-05-14,7426.532798108454,South,Direct,Services
2023-10-11,5748.829571303072,South,Partners,Hardware
2023-01-28,5810.103021315223,West,Partners,Services
2023-04-18,5329.791535488273,West,Partners,Software
2023-02-13,5473.107539391241,West,Partners,Hardware
2023-12-06,7888.206529596166,North,Direct,Hardware
2023-10-13,1926.8333139818396,West,Partners,Hardware
2023-11-27,4009.2653017943394,East,Direct,Services
2023-05-08,1679.5302742350032,East,Partners,Services
2023-12-14,7779.2159867270575,South,Online,Software
2023-08-19,3450.716692482695,West,Partners,Services
2023-07-09,9076.873688369957,East,Partners,Services
2023-08-13,5739.206199933644,South,Direct,Software
2023-10-10,8206.747943375089,West,Partners,Hardware
2023-05-01,9810.38292054365,North,Online,Hardware
2023-04-26,8558.099735109136,East,Direct,Software
2023-08-21,8802.943840103711,North,Direct,Hardware
2023-09-16,4671.860458283602,West,Partners,Services
2023-12-25,5965.503357334058,East,Direct,Software
2023-07-17,3284.9970763897386,West,Direct,Software
2023-05-17,2765.017897241075,North,Direct,Software
2023-11-14,5549.570911954304,East,Direct,Hardware
2023-06-14,6355.4408173037855,North,Direct,Software
2023-08-13,4053.441213065719,West,Direct,Software
2023-11-03,6124.991659871503,West,Online,Software
2023-08-22,8987.144342621526,North,Partners,Hardware
2023-06-21,6010.494263050295,East,Online,Services
2023-06-01,7487.317866794559,North,Direct,Software
2023-11-11,8247.834706221147,West,Direct,Services
2023-06-09,9898.559037598985,North,Partners,Hardware
2023-04-06,6428.776619592816,West,Online,Hardware
2023-08-21,8261.651340663273,North,Partners,Hardware
2023-06-29,9663.843866993871,East,Online,Hardware
2023-04-23,9499.68753019546,East,Direct,Services
2023-11-14,2269.736638999422,North,Partners,Software
2023-02-21,4657.5307744616985,North,Partners,Hardware
2023-09-25,3915.9105499611965,East,Direct,Hardware
2023-10-22,1782.325134553144,West,Partners,Services
2023-04-23,6699.166974198645,East,Online,Services
2023-04-11,7623.1415187640205,West,Online,Hardware
2023-04-23,8633.152859201951,North,Online,Software
2023-03-22,2104.9920069643767,North,Online,Software
2023-07-06,8887.996682877645,West,Direct,Hardware
2023-04-23,6786.330072528279,North,Partners,Services
2023-01-02,7335.515216246585,West,Online,Hardware
2023-05-10,9195.616031862735,South,Direct,Hardware
2023-08-08,6622.85143938926,East,Partners,Services
2023-02-23,4022.792714348516,South,Partners,Hardware
2023-12-09,8425.965982803938,West,Direct,Hardware
2023-08-12,4267.532909755815,East,Direct,Hardware
2023-08-13,1308.052997384762,West,Online,Services
2023-05-06,8475.890559087247,East,Partners,Software
2023-05-10,4106.729303931481,East,Partners,Software
2023-02-22,7964.510708812062,East,Direct,Services
2023-06-21,4264.821051993509,East,Partners,Software
2023-08-06,8749.612179772495,West,Online,Hardware
2023-06-09,2975.594725728628,East,Partners,Software
2023-07-17,9770.92538678983,East,Direct,Hardware
2023-09-04,8017.828973092277,South,Direct,Software
2023-11-20,2028.1413332835714,North,Online,Services
2023-07-22,6091.989579699044,North,Online,Software
2023-07-03,9868.305810175612,South,Partners,Software
2023-05-03,5239.58907424433,South,Partners,Software
2023-09-12,2638.9642493942492,West,Direct,Services
2023-10-21,5363.005304353115,West,Online,Software
2023-10-07,5612.1189029372945,West,Online,Services
2023-11-21,7675.1824980579895,South,Online,Hardware
2023-04-08,7289.612678448139,South,Partners,Software
2023-07-17,4622.950392372824,East,Online,Services
2023-08-28,2962.2079674467786,West,Direct,Services
2023-05-24,6805.487509923965,West,Direct,Software
2023-04-07,4795.335410979536,West,Partners,Hardware
2023-07-20,2190.4859001279738,North,Partners,Services
2023-05-04,9105.15071112747,East,Online,Software
2023-07-06,7220.996718486889,West,Partners,Hardware
2023-11-22,7148.654708009332,West,Direct,Services
2023-12-15,8403.254883205065,West,Online,Services
2023-09-16,5766.955107895729,North,Direct,Hardware
2023-05-28,8335.489855622114,North,Online,Hardware
2023-09-09,5482.816781599052,South,Partners,Software
2023-12-12,1604.5785992413907,East,Online,Software
2023-05-27,4647.232792249199,South,Online,Services
2023-05-28,5477.184045819015,East,Direct,Hardware
2023-12-18,7481.823234690662,North,Direct,Hardware
2023-07-18,1959.2085711580694,West,Online,Hardware
2023-11-04,2260.166847944041,South,Partners,Services
2023-05-08,3373.1542237115477,West,Partners,Hardware
2023-02-08,3398.4855403379397,South,Direct,Hardware
2023-12-04,7589.661206131562,North,Partners,Services
2023-12-26,3256.5759450543796,North,Direct,Software
2023-05-09,6697.882570217028,North,Partners,Software
2023-09-24,5448.464651244442,South,Online,Services
2023-05-31,6159.649403614606,East,Direct,Hardware
2023-10-25,8542.962668604661,South,Direct,Services
2023-04-09,4639.433513941219,East,Online,Software
2023-09-20,7938.202393578435,South,Direct,Software
2023-09-09,4798.324535956186,South,Partners,Services
2023-05-24,4184.842389051245,North,Partners,Services
2023-12-12,9627.644595818985,West,Direct,Software
2023-04-22,2659.338286110669,West,Partners,Services
2023-03-01,1813.0326451984708,East,Direct,Software
2023-01-02,7938.8733298193065,West,Online,Services
2023-10-31,1614.2473481868242,South,Direct,Services
2023-09-11,8533.710916327265,South,Online,Services
2023-05-20,4934.740567215192,North,Partners,Software
2023-02-06,9239.623095627227,North,Online,Services
2023-06-09,7493.795750097151,West,Partners,Software
2023-01-09,6493.642003071618,East,Direct,Software
2023-08-21,9543.761173519892,West,Partners,Services
2023-04-09,4569.844357468488,West,Direct,Services
2023-05-27,9586.782428856697,West,Direct,Software
2023-10-31,2215.011496790862,West,Online,Software
2023-07-27,5353.794477391715,South,Online,Hardware
2023-05-11,3429.201001529754,East,Online,Software
2023-06-01,5858.585010173741,South,Online,Hardware
2023-02-23,2458.124901024262,East,Partners,Hardware
2023-04-30,8573.76694279039,North,Partners,Hardware
2023-06-10,8617.670643831016,West,Partners,Services
2023-04-26,9597.12681451131,South,Direct,Services
2023-03-16,2392.0492679491263,East,Partners,Software
2023-04-23,6609.992958144917,North,Partners,Hardware
2023-04-14,5268.135778303326,North,Partners,Services
2023-12-06,4099.453588398099,West,Online,Services
2023-09-11,4163.861450207969,East,Partners,Services
2023-08-15,4715.141955460771,South,Direct,Services
2023-04-22,7344.329947200577,West,Online,Services
2023-04-09,6384.574524413391,South,Direct,Hardware
2023-06-02,5137.1336148501805,North,Partners,Hardware
2023-12-15,1683.4006933265987,South,Online,Hardware
2024-01-01,1699.8880967106138,South,Direct,Hardware
2023-12-04,1021.0545156320044,West,Partners,Software
2023-07-13,9709.294493863777,South,Direct,Hardware
2023-11-06,1047.2843670254642,West,Direct,Services
2023-06-12,1927.8437141237039,North,Direct,Hardware
2023-07-27,3831.369011284698,West,Partners,Software
2023-06-18,8266.87226635085,West,Partners,Services
2023-06-10,9658.88907187706,East,Direct,Hardware
2023-03-09,8110.122029126705,South,Online,Hardware
2023-10-16,7215.042092010765,North,Online,Hardware
2023-10-04,5691.706006722125,West,Partners,Services
2023-10-31,1780.3469067596525,North,Partners,Services
2023-05-15,9623.537137035373,East,Partners,Software
2023-07-14,7825.531725511133,South,Partners,Services
2023-05-08,6750.5444680083565,West,Partners,Services
2023-02-02,7831.322609849649,South,Online,Hardware
2023-06-25,7516.929963458248,East,Partners,Services
2023-01-22,6735.084218105381,East,Direct,Hardware
2023-08-26,9825.191201619893,North,Direct,Hardware
2023-06-07,9130.274313724225,West,Online,Services
2023-02-07,6819.98427205447,North,Direct,Software
2023-08-18,7238.576903112323,East,Online,Software
2023-12-31,1464.36225992839,South,Online,Services
2023-02-20,7029.257180950352,North,Direct,Software
2023-09-21,1397.4889393909016,North,Partners,Hardware
2023-10-10,6294.373812729379,South,Direct,Hardware
2023-01-27,9994.181496092513,North,Direct,Services
2023-08-14,6002.259232934617,South,Online,Software
2023-10-04,5258.891062732,West,Direct,Software
2023-10-13,3815.6937085502877,South,Online,Hardware
2023-04-07,2084.70320907818,West,Partners,Services
2023-10-11,7579.213043124535,South,Partners,Software
2023-11-13,2733.391250070674,East,Partners,Services
2023-10-31,2037.5381912255593,East,Direct,Software
2023-05-27,4795.863937574613,West,Online,Hardware
2023-01-04,8158.076541631876,West,Partners,Hardware
2023-02-04,7705.580933081984,East,Online,Services
2023-07-11,1493.9435318182743,West,Online,Hardware
2023-02-18,5096.2931653254045,South,Partners,Software
2023-01-17,5701.91118464052,South,Partners,Hardware
2023-06-21,6800.9198556324,East,Online,Services
2023-08-08,6851.506153989053,North,Partners,Services
2023-06-07,4282.275245115752,South,Online,Services
2023-02-15,6046.0947460316265,West,Online,Software
2023-01-06,5329.556954596778,North,Partners,Software
2023-04-09,8964.98520870953,North,Direct,Software
2023-08-21,5772.386193714102,South,Partners,Software
2023-02-06,4969.289455733455,South,Direct,Software
2023-10-07,4640.369047136657,North,Online,Hardware
2023-12-15,6151.849834901192,North,Online,Software
2023-10-29,8235.792814608078,East,Direct,Software
2023-06-30,5845.613413427088,West,Online,Hardware
2023-04-05,6954.896575724873,East,Direct,Software
2023-04-09,7640.701902158725,South,Direct,Services
2023-07-07,5681.5129889085865,East,Online,Software
2023-04-26,4841.353509893779,East,Direct,Software
2023-07-10,8889.988400762046,East,Partners,Services
2023-09-10,4757.554756251029,East,Partners,Services
2023-06-10,5157.485655180289,West,Online,Services
2023-09-13,9913.071820075995,West,Online,Services
2023-11-19,1002.1377121829612,North,Direct,Software
2023-05-08,2669.2561861905024,South,Direct,Services
2023-01-18,4455.675009277532,East,Direct,Services
2023-10-08,9393.309184827276,North,Direct,Hardware
2023-08-11,1630.2673517272392,North,Partners,Services
2023-02-23,1085.3689026564828,North,Partners,Services
2023-02-27,1474.1545237950572,West,Online,Hardware
2023-11-19,1796.8906955225634,East,Direct,Hardware
2023-12-26,1338.370958856348,East,Direct,Software
2023-06-23,5318.031941708543,South,Online,Hardware
2023-10-07,6226.81486504595,East,Direct,Software
2023-04-24,3445.1827396210365,East,Direct,Hardware
2023-10-15,4584.58645578072,North,Direct,Hardware
2023-12-08,1825.294016002871,South,Direct,Software
2023-05-31,4027.3341744557983,East,Direct,Hardware
2023-05-07,5702.672724710708,West,Online,Software
2023-06-04,7590.446264661806,East,Direct,Hardware
2023-09-30,1030.117258386813,North,Online,Services
2023-04-14,5205.796898838873,West,Direct,Hardware
2023-10-26,3673.02588809394,North,Partners,Software
2023-09-03,8675.396395227111,East,Partners,Hardware
2023-06-25,7439.979837108177,West,Partners,Software
2023-02-08,6301.976810238054,South,Partners,Software
2023-06-19,3495.3908112709623,South,Online,Services
2023-09-04,9193.05191851781,West,Online,Services
2023-01-26,1405.9060949829086,West,Direct,Software
2023-12-21,1985.2083881120363,North,Partners,Hardware
2023-11-02,4524.671264863205,West,Online,Software
2023-01-13,2119.938015671707,North,Direct,Software
2023-11-12,9607.741278034826,East,Direct,Hardware
2023-11-09,8181.903899290451,North,Online,Hardware
2023-02-05,3330.843864416323,West,Partners,Hardware
2023-06-22,6296.988060759209,West,Direct,Hardware
2023-01-20,9840.974635720735,East,Partners,Software
2023-11-17,8957.790803183527,West,Partners,Software
2023-09-21,6407.186017979782,West,Partners,Services
2023-05-22,9133.515704577434,South,Direct,Software
2023-05-23,9902.66418832023,South,Partners,Hardware
2023-04-02,7690.175406042617,East,Direct,Services
2023-12-20,1584.8776853460463,North,Partners,Hardware
2023-11-18,4614.222127829387,South,Direct,Software
2023-10-15,8540.43161754921,North,Partners,Services
2023-08-03,3075.122762245171,West,Online,Hardware
2023-12-08,8475.782659755621,South,Partners,Services
2023-02-20,2083.0488583149636,East,Partners,Services
2023-06-02,1422.508214330317,East,Direct,Software
2023-07-05,4456.815503421246,East,Direct,Hardware
2023-03-04,1330.5874368395225,South,Partners,Services
2023-07-09,9615.432366849931,North,Online,Services
2023-05-05,8435.851262145694,West,Online,Hardware
2023-05-30,8206.927184168875,North,Direct,Services
2023-11-10,6668.001306965378,North,Online,Services
2023-02-27,2946.9162073289817,West,Partners,Services
2023-12-08,5664.343300087529,West,Direct,Hardware
2023-11-01,6375.466651873069,South,Partners,Hardware
2023-06-29,5725.283507742413,South,Direct,Hardware
2023-06-19,3342.1003115637454,South,Direct,Hardware
2023-11-22,5637.231318832533,South,Direct,Software
2023-09-28,5420.677067817639,South,Direct,Services
2023-02-23,9967.021982260518,West,Online,Hardware
2023-04-11,9076.925332415834,North,Partners,Services
2023-09-21,5170.42673394058,South,Partners,Services
2023-02-22,6606.436446416068,South,Partners,Software
2023-03-01,7730.844436830057,North,Direct,Hardware
2023-04-18,1313.7864421044242,South,Online,Hardware
2023-01-05,9054.29297105056,North,Partners,Services
2023-04-13,8741.141347761313,North,Online,Hardware
2023-07-15,5116.888879963366,West,Direct,Services
2023-09-19,4520.527894723418,East,Partners,Services
2023-12-31,3456.6343737068346,West,Online,Software
2023-12-16,5290.091454973315,East,Direct,Software
2023-02-16,1399.389971799131,East,Online,Software
2023-12-21,8669.741800123069,East,Partners,Services
2023-11-07,1318.8013157669056,South,Partners,Hardware
2023-11-04,3961.462288328839,West,Direct,Software
2023-05-24,9384.30539487091,East,Direct,Hardware
2023-09-26,7616.913890711075,North,Direct,Software
2023-05-04,3532.518645197741,South,Online,Software
2023-04-16,3273.841845647966,West,Online,Services
2023-06-07,1045.7392583622336,East,Online,Software
2023-05-27,7261.428635647751,North,Direct,Software
2023-05-25,1439.052235058558,West,Partners,Services
2023-04-30,5793.422674606859,West,Partners,Hardware
2023-11-15,9659.097753328448,South,Online,Software
2023-10-02,1985.2197404900849,West,Online,Services
2023-04-02,9050.319378712607,South,Partners,Software
2023-02-27,9923.278016305434,East,Partners,Services
2023-12-12,1553.6532361531154,South,Online,Hardware
2023-08-17,8946.156422237153,North,Online,Hardware
2023-04-27,5644.71118399255,South,Partners,Services
2023-11-14,9158.623475001219,North,Direct,Services
2023-10-06,6141.870477276167,South,Online,Services
2023-05-07,6959.0080909590815,West,Partners,Hardware
2023-05-09,5894.0101719765935,East,Partners,Software
2023-02-27,8780.435922766137,North,Partners,Hardware
2023-05-02,7605.189270583315,South,Partners,Services
2023-01-01,5691.342809623734,South,Direct,Services
2023-08-27,8813.447236463922,South,Partners,Hardware
2023-10-17,3207.569790298011,West,Online,Services
2023-04-06,2416.0659373227336,West,Direct,Hardware
2023-05-06,2443.600947970649,North,Partners,Services
2023-04-28,4006.079908707141,North,Direct,Software
2023-02-17,3148.2102817091577,West,Online,Software
2023-03-30,9370.813154587648,North,Partners,Services
2023-08-25,1952.506844457256,East,Online,Hardware
2023-09-29,7290.916642356289,East,Partners,Software
2023-07-08,2702.9938580650532,West,Partners,Hardware
2023-07-11,8934.734194933151,North,Partners,Services
2023-03-10,9651.837593664166,South,Partners,Hardware
2023-10-05,5189.230078929852,East,Partners,Software
2023-12-15,8911.643322053184,West,Direct,Hardware
2023-09-04,1046.306536792433,North,Partners,Hardware
2023-03-17,8379.5222566729,West,Partners,Services
2023-06-03,3057.6264537243114,South,Direct,Services
2023-05-24,9178.311783424311,East,Direct,Services
2023-03-27,1010.0810033209854,West,Direct,Software
2023-07-04,6005.635615357813,West,Direct,Software
2023-10-12,7809.722234064412,West,Direct,Services
2023-08-08,3328.194976281172,South,Direct,Services
2023-03-10,2738.1957812856376,West,Partners,Software
2023-02-16,1756.8840202118618,South,Partners,Software
2023-04-04,3937.9021885296365,South,Online,Software
2023-08-26,6038.598810779466,South,Partners,Software
2023-07-23,2042.594711022319,East,Partners,Services
2023-08-06,4390.258257881189,East,Direct,Software
2023-12-07,1081.6516418745246,West,Direct,Services
2023-02-08,8368.114784498575,West,Partners,Hardware
2023-04-10,2156.0384628387224,East,Online,Hardware
2023-10-16,3550.086534390234,North,Direct,Software
2023-09-11,1165.8494686439572,East,Partners,Hardware
2023-08-10,4890.167055032611,South,Partners,Hardware
2023-12-23,8561.093524670969,East,Online,Hardware
2023-01-23,4529.360903006769,South,Online,Software
2023-09-07,2615.475910814501,West,Direct,Software
2023-01-10,7783.289506454673,North,Online,Hardware
2023-09-03,8099.262836836699,West,Partners,Services
2023-11-21,2563.781277768101,South,Partners,Hardware
2023-04-10,7937.6869768689085,South,Online,Software
2023-10-17,9525.680994307042,South,Online,Software
2023-06-29,2497.3982823904507,North,Online,Software
2023-08-11,7938.85863278922,East,Online,Hardware
2023-09-07,7377.148041423664,West,Direct,Services
2023-05-27,5262.164995915797,West,Online,Software
2023-04-06,1521.2841450291846,East,Direct,Software
2023-09-14,1672.249759820686,West,Partners,Hardware
2023-11-21,8671.731932787829,North,Online,Services
2023-01-04,9911.335354755824,West,Direct,Hardware
2023-01-16,7084.47031468079,South,Online,Software
2023-10-07,5013.624763092894,East,Partners,Services
2023-12-02,6828.162790617168,North,Partners,Services
2023-09-04,6349.562733056908,East,Partners,Software
2023-09-15,4452.510343650596,North,Online,Services
2023-06-09,1590.6353011661165,South,Online,Services
2023-12-06,8393.616526666969,East,Direct,Hardware
2023-06-01,4346.501763148521,West,Partners,Software
2023-06-27,8369.070790213842,North,Online,Software
2023-06-12,3272.57874719544,East,Partners,Software
2023-02-02,1009.2653186107005,West,Partners,Software
2023-06-28,2430.4445494908086,East,Direct,Software
2023-04-11,5216.8547509172595,East,Direct,Services
2023-09-25,9498.732714620468,East,Direct,Hardware
2023-11-19,1919.7425772434708,North,Direct,Software
2023-03-06,8687.887970154094,West,Partners,Hardware
2023-06-17,5743.216865906758,South,Direct,Hardware
2023-11-26,8433.28689219907,North,Direct,Services
2023-02-12,3685.3698789099335,North,Direct,Software
2023-02-13,8559.524482052246,North,Direct,Services
2023-10-12,7955.40502015124,South,Partners,Software
2023-01-12,3070.483147282905,West,Direct,Services
2023-04-05,2182.0161376844026,West,Partners,Hardware
2023-10-29,8812.488902790636,West,Online,Software
2023-09-10,9669.129880961187,East,Partners,Hardware
2023-08-30,1281.7208237276461,East,Partners,Hardware
2023-02-04,7581.43060276317,East,Direct,Services
2023-08-03,9185.720598530366,South,Online,Software
2023-12-03,8716.240828832488,East,Online,Hardware
2023-03-31,9680.684250431877,South,Online,Services
2023-09-21,7840.846705942875,West,Online,Software
2023-04-03,4980.6888614281925,East,Partners,Software
2023-03-31,3807.567914456174,East,Online,Hardware
2023-04-25,3886.684663943147,North,Partners,Software
2023-04-15,7519.804053527053,South,Partners,Hardware
2023-07-15,7712.533108278679,West,Partners,Software
2023-11-10,2803.232291938414,North,Online,Services
2023-04-24,8813.10532141478,North,Direct,Hardware
2023-03-16,7434.316361820229,West,Direct,Hardware
2023-08-05,6064.752577090444,North,Online,Software
2023-10-04,5243.792140922615,South,Direct,Software
2023-09-06,5889.095252109623,South,Direct,Hardware
2023-06-13,2433.21164451338,East,Partners,Software
2023-12-23,2833.311243486468,North,Partners,Services
2023-07-11,1820.480413655725,East,Online,Software
2023-08-15,2382.922343450014,North,Online,Services
2023-06-26,5083.242711447544,South,Direct,Services
2023-04-09,5773.189543554305,South,Partners,Services
2023-02-05,1160.7570323048744,South,Online,Services
2023-04-06,8171.180450776248,North,Online,Services
2023-06-01,3647.511760091301,South,Online,Software
2023-05-31,9206.5243146392,North,Online,Services
2023-07-09,9707.601372523999,East,Online,Software
2023-08-12,2669.129872089889,North,Online,Services
2023-02-06,5158.875616890946,East,Direct,Hardware
2023-09-25,1011.086516497833,North,Partners,Services
2023-07-02,6384.945386101843,East,Partners,Hardware
2023-01-13,6465.758034364041,South,Online,Services
2023-10-06,3227.8596004303763,East,Partners,Services
2023-08-05,6025.714053248781,South,Partners,Services
2023-12-21,3029.861281993619,South,Partners,Hardware
2023-12-27,2447.4292217037105,East,Online,Hardware
2023-10-13,6863.675201220382,North,Online,Services
2023-09-30,3933.329175568674,North,Partners,Software
2023-03-03,6312.375449970602,West,Partners,Services
2023-03-25,4899.2207407449005,North,Online,Hardware
2023-08-05,9859.162666626136,West,Direct,Services
2023-12-08,2346.225784008092,North,Partners,Hardware
2023-07-06,5181.387369722292,North,Direct,Hardware
2023-01-19,7124.109637233927,South,Partners,Hardware
2023-06-26,4559.905754919719,West,Direct,Services
2023-04-10,9772.298666836208,North,Direct,Hardware
2023-08-21,7496.988651342415,West,Direct,Hardware
2023-03-17,6912.854718080438,South,Online,Services
2023-09-22,7813.53340850101,South,Direct,Hardware
2023-10-11,9573.837742348453,West,Direct,Services
2023-07-25,9170.367876861761,South,Direct,Hardware
2023-08-11,7518.567773137707,East,Partners,Software
2023-02-21,7742.454751911548,East,Direct,Software
2023-12-05,2313.298666316309,South,Partners,Hardware
2023-05-24,1925.1316404339914,East,Direct,Software
2023-03-10,6138.140516597478,North,Direct,Services
2023-04-09,1165.30873246486,West,Online,Software
2023-01-25,5341.207433964324,North,Partners,Hardware
2023-02-22,2893.1462192698173,West,Direct,Hardware
2023-05-31,4114.149108803556,South,Partners,Services
2023-05-24,7982.242622136605,North,Partners,Hardware
2023-02-26,9471.137538091478,South,Online,Services
2023-02-08,1651.7464493170735,South,Online,Software
2023-04-19,5808.179853788006,West,Online,Software
2023-06-30,8942.8013723764,West,Online,Services
2023-02-11,1742.5768099637914,West,Online,Services
2023-07-05,8420.626422071506,North,Online,Hardware
2023-08-11,4220.212158354442,East,Online,Software
2023-05-02,3898.852319974018,West,Online,Services
2023-05-13,9797.197476833073,West,Direct,Software
2023-06-12,2807.7318087606473,North,Partners,Services
2023-08-03,7238.745467404128,West,Online,Software
2023-08-09,8392.966552088797,North,Online,Hardware
2023-08-23,1370.6514575134452,South,Partners,Software
2023-11-27,7033.46912518971,West,Direct,Software
2023-05-26,9563.949769197943,West,Partners,Software
2023-08-27,2117.9797005525343,South,Partners,Software
2023-03-17,9065.991724165346,South,Online,Software
2023-01-09,6352.989736392425,South,Partners,Hardware
2023-03-15,6549.441236762266,West,Partners,Services
2023-09-10,6516.497573790453,East,Online,Software
2023-08-18,3689.5229770358246,East,Online,Hardware
2023-01-07,9416.816337695138,East,Online,Software
2023-06-23,9526.154163679348,West,Online,Software
2023-05-21,6627.74194192553,South,Partners,Services
2023-06-17,8050.804533474532,West,Partners,Software
2023-06-19,6510.321872930422,South,Direct,Hardware
2023-10-10,5359.586028166365,West,Direct,Hardware
2023-05-02,6947.381064693256,West,Partners,Services
2023-07-13,5977.0130733276255,South,Direct,Software
2023-01-05,6377.282763687371,East,Partners,Hardware
2023-01-29,8054.492980769757,South,Direct,Software
2023-06-14,5328.134483040863,North,Online,Software
2023-12-05,1366.7869548322549,North,Direct,Software
2023-05-16,2475.995328905475,South,Online,Services
2023-12-31,4947.4649484058455,West,Online,Software
2023-11-17,7523.439038866525,North,Online,Hardware
2023-12-08,6339.507834791609,North,Online,Software
2023-05-25,6852.647672861085,West,Direct,Hardware
2023-11-23,5313.510357186586,West,Partners,Software
2023-08-05,6541.678197480185,East,Online,Hardware
2023-10-28,3961.15694033196,West,Direct,Hardware
2023-05-12,5231.643334269986,South,Online,Software
2023-10-19,7698.5115903546,South,Direct,Software
2023-03-11,8846.495010758092,East,Direct,Hardware
2023-09-09,4902.8980056075,North,Direct,Services
2023-10-02,1392.9549193662506,North,Partners,Software
2023-12-30,2455.052897321224,West,Direct,Services
2023-07-01,1187.7502536238428,South,Direct,Software
2023-06-16,6879.367173135971,North,Partners,Software
2023-04-01,3990.83162819598,East,Partners,Software
2023-07-21,5882.307721474307,East,Direct,Software
2023-12-12,5439.491621054196,South,Partners,Services
2023-01-19,1733.7384059718402,East,Online,Software
2023-02-08,4629.352250114486,East,Online,Hardware
2023-05-06,2985.0501243009094,South,Partners,Hardware
2023-06-22,4765.598098008874,West,Partners,Services
2023-05-21,2832.204523080184,West,Direct,Software
2023-08-30,8564.0716564924,East,Partners,Hardware
2023-08-08,2567.740029204283,West,Direct,Services
2023-05-06,9647.024963382792,West,Online,Software
2023-02-27,4743.166295322468,East,Partners,Hardware
2023-05-28,8616.207628171444,West,Direct,Hardware
2023-11-13,6658.883363853506,East,Direct,Services
2023-12-27,7618.152687991774,North,Online,Software
2023-01-01,7909.514992601023,South,Partners,Software
2023-12-14,5543.60393703716,South,Online,Hardware
2023-07-09,5889.704710269595,West,Direct,Hardware
2023-07-10,5625.962810278525,West,Direct,Hardware
2023-11-08,6292.525402810713,West,Partners,Software
2023-04-27,1264.5500118085656,South,Direct,Services
2023-05-14,4559.636528641137,North,Partners,Services
2023-02-27,6455.698422050544,North,Online,Software
2023-02-13,6379.512087302779,South,Partners,Services
2023-06-22,8136.604851450684,North,Partners,Hardware
2023-06-09,6895.084049488977,South,Direct,Services
2023-06-22,9929.199847066051,North,Direct,Services
2023-11-13,3554.690757477805,East,Partners,Services
2023-10-30,4232.3592669960835,East,Direct,Hardware
2023-05-29,4454.624366810167,South,Direct,Software
2023-03-21,5192.315263182237,North,Direct,Hardware
2023-08-01,8523.982574030884,West,Partners,Software
2023-07-22,3122.128845632889,North,Direct,Software
2023-09-09,7984.001863318866,East,Partners,Software
2023-08-17,4647.791647771691,East,Direct,Services
2023-06-13,6416.698452958077,North,Online,Services
2023-08-15,6692.864799036755,North,Direct,Software
2023-05-27,4355.63773470041,West,Direct,Software
2023-01-20,5613.5368468522465,West,Partners,Services
2023-02-16,4717.280571829273,North,Partners,Hardware
2023-08-21,1622.195075679575,North,Direct,Software
2023-11-01,4934.488499351439,North,Online,Hardware
2023-01-14,1876.5405329819696,North,Direct,Services
2023-05-23,4645.187191722894,South,Direct,Software
2023-01-01,6336.265598486037,North,Online,Hardware
2023-02-23,6214.734094091506,West,Partners,Hardware
2023-09-16,6963.591511074883,East,Direct,Hardware
2023-05-24,1857.3535715916366,South,Partners,Services
2023-01-12,6869.109209773941,North,Partners,Services
2023-11-26,3809.3325102680237,East,Online,Hardware
2023-08-12,4591.413515234,South,Online,Hardware
2023-09-29,8721.876285304352,East,Partners,Services
2023-12-24,1081.2736371659523,North,Direct,Hardware
2023-06-05,6295.713700065449,North,Partners,Hardware
2023-01-08,6388.425820900968,West,Direct,Services
2023-05-02,4569.937987092058,North,Direct,Hardware
2023-12-14,3133.2507139750255,North,Online,Hardware
2023-06-13,3112.0663443539597,South,Direct,Hardware
2023-03-31,8953.387026946773,West,Direct,Services
2023-05-16,4978.219364045717,South,Partners,Hardware
2023-07-05,3978.0042669025474,East,Online,Services
2023-11-12,5038.9981644826275,North,Direct,Services
2023-06-27,7024.513613134252,East,Direct,Software
2023-01-28,2311.809114202765,South,Online,Software
2023-08-08,5044.90451692364,North,Partners,Hardware
2023-12-23,6290.959339993483,North,Online,Services
2023-02-10,9537.250193662903,South,Online,Software
2023-08-16,3272.7500386787733,South,Direct,Hardware
2023-07-11,4233.256731246211,South,Direct,Software
2023-05-25,4414.227309301814,South,Partners,Software
2023-07-20,6449.8434188039455,South,Direct,Services
2023-07-31,4210.5884773600155,North,Direct,Services
2023-08-08,5801.60732769726,South,Online,Software
2023-08-28,8036.1129686052645,North,Direct,Software
2023-02-15,7348.470347009832,North,Partners,Services
2023-02-04,5017.31781861327,South,Online,Hardware
2023-09-10,8777.94559906752,South,Partners,Services
2023-03-23,6023.262246344766,West,Online,Software
2023-09-13,5859.152555519912,North,Direct,Hardware
2023-07-16,1307.6898934524236,South,Online,Software
2023-10-30,9880.236823214454,South,Online,Hardware
2023-01-10,2106.73727676664,South,Direct,Software
2023-11-08,3080.1782118488195,West,Direct,Hardware
2023-10-13,1465.2715351737427,West,Partners,Hardware
2023-08-30,6760.026701532223,East,Partners,Software
2023-09-08,3022.31059275412,North,Direct,Hardware
2023-12-31,2620.0939372545117,East,Direct,Services
2023-01-05,1797.0002580091725,South,Direct,Software
2023-04-29,1929.780614116141,West,Online,Services
2023-10-16,6262.036303983298,West,Online,Software
2023-03-06,7193.870792799359,East,Online,Hardware
2023-05-26,4576.410896179609,West,Direct,Hardware
2023-08-12,5319.073734328659,South,Partners,Hardware
2023-08-27,7173.709623846857,West,Direct,Software
2023-06-26,1156.4181116693167,East,Online,Services
2023-09-24,3908.1759136325068,South,Online,Services
2023-12-07,9757.879732633119,East,Direct,Software
2023-10-09,6221.0100672592125,West,Direct,Software
2023-03-04,3288.021219077439,East,Online,Services
2023-08-05,5695.570419725918,East,Online,Services
2023-12-08,4083.881393088238,North,Online,Services
2023-11-11,5790.204899436692,West,Direct,Services
2023-10-10,2131.6736062598393,West,Online,Software
2023-06-26,2194.4318843734964,East,Online,Software
2023-04-08,2291.881258354536,North,Partners,Hardware
2023-04-15,9458.378127341575,West,Direct,Services
2023-04-09,7596.090265072076,South,Partners,Hardware
2023-11-07,2461.4370519608883,East,Partners,Software
2023-01-06,2695.141753890413,West,Online,Software
2023-07-16,7577.465273837887,South,Direct,Hardware
2023-12-17,2405.4746031295654,West,Online,Services
2023-05-13,3111.051640013458,South,Direct,Services
2023-12-24,9670.121495383592,East,Partners,Services
2023-09-16,3297.758722555887,West,Direct,Services
2023-01-23,6954.691153340321,West,Online,Hardware
2023-02-22,9807.681586604773,North,Online,Hardware
2023-06-14,4368.670904258133,East,Online,Software
2023-07-21,1157.64391775856,South,Direct,Services
2023-03-24,3197.3256138013685,West,Partners,Services
2023-05-25,8477.894722075349,West,Partners,Services
2023-03-26,8781.47952359533,South,Direct,Hardware
2023-03-19,7916.674280714121,East,Online,Services
2024-01-01,2017.9883716891572,North,Partners,Hardware
2023-01-01,8159.593345267628,North,Online,Services
2023-02-20,9268.100172941538,West,Direct,Services
2023-06-22,6405.485882916125,South,Online,Software
2023-07-24,9467.878207042584,West,Partners,Services
2023-09-17,8441.549953406897,South,Partners,Services
2023-10-15,7002.743652918166,North,Online,Software
2023-02-03,6194.667130405734,East,Direct,Hardware
2023-12-14,4137.163005177734,South,Online,Hardware
2023-04-05,2433.587007185246,North,Direct,Services
2023-03-13,6444.585304214867,West,Online,Hardware
2023-02-08,3863.0039825630756,South,Partners,Services
2023-06-03,8797.948007748808,East,Direct,Software
2023-09-07,9940.032436227657,West,Direct,Software
2023-06-11,7771.849863540153,West,Direct,Services
2023-04-28,1814.3352575834567,North,Partners,Software
2023-09-16,3598.170359775743,South,Online,Software
2023-11-02,1981.9866858917476,West,Partners,Services
2023-09-25,6854.604830125442,East,Direct,Services
2023-02-23,7886.717781002062,South,Online,Software
2023-08-24,9331.073477926406,East,Partners,Hardware
2023-08-10,4943.551117707889,West,Direct,Hardware
2023-09-08,9112.380846295999,East,Direct,Services
2023-11-09,8901.020431371948,North,Partners,Services
2023-04-22,3854.761450888587,East,Partners,Hardware
2023-09-12,8820.105629865138,South,Partners,Software
2023-10-30,4381.050266935538,East,Direct,Hardware
2023-07-26,3671.823471042527,East,Partners,Hardware
2023-08-17,6841.671929149537,North,Direct,Hardware
2023-12-07,3955.4310509657294,East,Partners,Hardware
2023-03-07,6671.878734962298,East,Direct,Services
2023-03-16,6488.486249488251,West,Direct,Services
2023-04-13,6070.950346136129,West,Online,Software
2023-07-11,4423.777338095179,South,Partners,Software
2023-09-09,5936.497494863291,West,Partners,Software
2023-08-14,6368.3692748687945,West,Direct,Software
2023-10-21,5911.1819964592605,West,Direct,Hardware
2023-11-02,4999.775074760813,West,Direct,Services
2023-04-08,1132.0035134163743,North,Online,Services
2023-12-04,6283.555369310358,West,Online,Software
2023-10-13,2515.9994662844765,North,Direct,Software
2023-12-01,6783.183720524707,North,Partners,Hardware
2023-12-13,7834.098951305794,West,Partners,Hardware
2023-11-04,5504.007782176674,East,Online,Software
2023-09-06,5881.272984817645,North,Online,Services
2023-06-15,9563.30703699392,East,Direct,Services
2023-12-01,8624.506252353167,East,Partners,Services
2023-01-30,9228.12864356323,West,Direct,Software
2023-09-04,8323.896594876278,South,Online,Services
2023-04-16,1980.265076620583,West,Partners,Hardware
2023-02-20,2340.9267037317522,South,Partners,Hardware
2023-03-22,5739.6141754206365,South,Online,Software
2023-05-13,3214.6269291819845,West,Direct,Hardware
2023-10-12,5290.259275370432,West,Direct,Software
2023-05-18,4549.287914365152,South,Partners,Services
2023-07-03,5944.72814587408,West,Online,Services
2023-11-26,7721.881445222404,South,Partners,Services
2023-09-30,7439.41816389347,East,Online,Hardware
2023-12-06,5691.107192368009,West,Direct,Software
2023-03-10,8401.540769353524,East,Online,Services
2023-02-03,4877.7588238422995,North,Direct,Software
2023-09-19,9070.428608561102,East,Online,Services
2023-02-22,1641.5224304964752,East,Partners,Hardware
2023-07-24,9591.940270299767,South,Direct,Hardware
2023-05-06,6892.237732882134,East,Partners,Software
2023-08-23,4420.670580434848,West,Partners,Hardware
2023-02-12,2774.387139155896,South,Direct,Hardware
2023-08-28,5312.649064992399,North,Direct,Software
2023-04-21,2751.0249086677086,West,Partners,Services
2023-09-06,2496.984469688279,North,Partners,Hardware
2023-05-31,6556.165816716768,East,Partners,Software
2023-07-02,5707.762521236062,West,Partners,Hardware
2023-12-02,7030.864311498475,West,Direct,Hardware
2023-04-05,9366.452896797902,North,Direct,Hardware
2023-01-08,5790.341920051362,West,Partners,Hardware
2023-12-26,6228.38847936518,West,Online,Software
2023-07-03,1806.637052394479,West,Online,Software
2023-10-08,7458.722073177666,East,Direct,Software
2023-07-14,4599.146861237406,North,Partners,Hardware
2023-12-18,9790.52714796321,West,Partners,Hardware
2023-07-14,8408.566140360943,South,Direct,Hardware
2023-06-04,5702.329364645065,South,Online,Software
2023-04-03,2109.0038875494947,South,Online,Hardware
2023-06-09,8734.742139525302,South,Online,Services
2023-03-02,8198.029858816195,East,Direct,Hardware
2023-05-02,2661.266165833297,West,Online,Services
2023-02-20,3657.504602982791,North,Direct,Hardware
2023-10-04,8140.665323330536,West,Direct,Software
2023-01-05,2667.056018926687,East,Partners,Hardware
2023-04-02,9259.772402542396,South,Online,Services
2023-06-19,4820.7468267672575,East,Direct,Services
2023-11-13,1783.3506632889278,West,Online,Hardware
2023-01-22,8341.737791538528,North,Online,Services
2023-11-22,4361.587147345488,East,Partners,Services
2023-01-01,5738.492747384029,North,Online,Software
2023-05-13,2010.7390997009725,East,Partners,Hardware
2023-08-21,1023.2561336048415,North,Direct,Hardware
2023-01-12,6741.8668521396785,North,Online,Hardware
2023-12-12,5636.576533003585,South,Direct,Services
2023-02-15,6341.847122108325,North,Online,Hardware
2023-02-03,8143.694653424647,South,Direct,Hardware
2023-03-19,6819.453220805741,West,Online,Software
2023-08-06,2572.9609854463943,West,Online,Software
2023-10-28,4246.952671995398,South,Online,Software
2023-03-14,9153.019943089843,South,Online,Services
2023-10-09,7929.50230226511,East,Online,Hardware
2023-09-06,6009.733521430455,East,Online,Software
2023-02-16,3300.8049802834507,East,Online,Software
2023-05-01,3718.5445165131555,West,Online,Software
2023-08-02,7587.622608270711,East,Online,Hardware
2023-08-27,8660.568347674936,North,Direct,Hardware
2023-02-25,7042.82202577553,North,Partners,Hardware
2023-12-16,8285.769781915977,East,Online,Services
2023-04-17,7899.905216803654,North,Partners,Services
2023-11-15,2347.33571161262,West,Online,Software
2023-02-17,4815.503316219718,North,Online,Hardware
2023-03-02,2376.854207457064,West,Direct,Software
2023-12-03,3117.1202632178633,South,Direct,Hardware
2023-01-26,8823.336621859473,South,Partners,Hardware
2023-10-19,5256.027690698639,South,Direct,Hardware
2023-09-14,5818.222916583948,South,Direct,Services
2023-01-08,2606.013687049949,North,Partners,Services
2023-04-23,3810.446074439164,East,Direct,Hardware
2023-12-21,3072.2155158508294,North,Online,Software
2023-09-10,2855.6754806658378,West,Partners,Hardware
2023-06-29,6741.647139843731,North,Partners,Hardware
2023-07-26,3311.9546288114334,North,Online,Software
2023-10-30,6688.139374183766,West,Direct,Hardware
2023-05-07,1526.0915269769853,South,Partners,Software
2023-02-25,2275.969541743917,South,Partners,Services
2023-08-02,3470.8622860011283,South,Online,Services
2023-01-14,6373.422252061225,East,Online,Software
2023-01-28,7082.571205786384,West,Direct,Services
2023-03-19,4984.4527010157435,West,Partners,Services
2023-08-04,5012.118231195061,North,Direct,Software
2023-12-31,7520.651662587563,East,Direct,Services
2023-06-03,1142.389825890242,South,Online,Hardware
2023-01-14,4069.8102202679847,East,Partners,Hardware
2023-07-06,8368.363514073095,West,Partners,Software
2023-11-08,6428.97469192035,West,Partners,Services
2023-01-07,4035.0441947987833,North,Online,Hardware
2023-01-03,9149.723130967064,North,Online,Hardware
2023-04-21,7953.604547044443,West,Online,Services
2023-08-26,3384.0590251306007,South,Online,Services
2023-12-29,6807.608537731452,South,Online,Hardware
2023-08-27,6361.75655370061,East,Partners,Hardware
2023-10-01,4610.691226350844,West,Direct,Software
2023-10-21,4302.604712843206,West,Partners,Software
2023-08-15,4092.0442729813353,South,Direct,Hardware
2023-01-15,6554.402050560821,South,Online,Software
2023-07-11,4981.689428326026,West,Direct,Hardware
2023-04-29,8486.7680192628,North,Partners,Hardware
2023-01-28,7026.423545205657,West,Partners,Software
2023-07-21,1629.3844513849072,West,Direct,Software
2023-02-08,6761.514014453494,South,Online,Services
2023-09-30,3440.326928501663,South,Online,Services
2023-08-19,6335.307924880804,North,Partners,Services
2023-03-27,7121.187379931062,North,Direct,Hardware
2023-05-06,3077.4627023861085,East,Online,Software
2023-10-27,5111.727803923318,West,Online,Hardware
2023-01-25,2712.92376537161,South,Partners,Software
2023-05-25,1471.0498820785747,North,Online,Hardware
2023-01-13,4406.287811372822,East,Direct,Services
2023-07-31,4266.498446613928,East,Partners,Services
2023-01-25,9959.324416338313,South,Partners,Services
2023-03-09,5017.171160778779,South,Direct,Hardware
2023-03-08,4002.125945249804,East,Partners,Software
2023-08-21,6224.275060450072,North,Online,Software
2023-04-19,1798.9065469699162,East,Online,Services
2023-05-26,9654.991623593318,West,Direct,Services
2023-04-21,6714.640410319298,West,Online,Services
2023-08-16,7793.5403794676295,South,Direct,Services
2023-04-21,2534.3014435652576,North,Direct,Software
2023-02-03,4685.300677046835,North,Online,Hardware
2023-04-21,4804.202020565706,West,Direct,Hardware
2023-09-21,8396.257995109781,East,Online,Hardware
2023-08-24,1011.1301178346849,South,Partners,Hardware
2023-03-24,3707.6779751792956,East,Partners,Services
2023-02-11,9831.127369098735,East,Direct,Services
2023-04-11,5273.9788915559675,East,Online,Services
2023-01-06,4442.7365221960745,North,Online,Hardware
2023-06-29,2078.461018158817,West,Partners,Services
2023-10-09,9767.48165765214,North,Partners,Services
2023-11-16,1180.2372033324202,West,Online,Software
2023-08-14,7634.622025065188,South,Direct,Software
2023-11-11,7917.398243096576,South,Partners,Services
2023-12-31,3192.9104445748,East,Direct,Software
2023-08-17,7044.025992517336,West,Direct,Software
2023-10-16,1836.3622994145094,West,Partners,Services
2023-05-30,3313.4253978887186,West,Direct,Services
2023-10-04,8091.117894630385,East,Direct,Services
2023-07-17,8782.175728301863,East,Online,Services
2023-03-11,6476.377713938122,South,Direct,Hardware
2023-04-22,5561.545886384343,North,Online,Hardware
2023-01-04,2433.7361855708227,West,Partners,Services
2023-12-16,1567.9812977123515,West,Partners,Software
2023-11-27,2058.841256262028,North,Online,Services
2023-11-14,3046.215700864889,West,Partners,Services
2023-12-16,4075.0705170722877,East,Direct,Software
2023-04-05,4428.185729598885,East,Direct,Hardware
2023-06-01,4116.895917301032,West,Direct,Services
2023-11-07,3151.4979897753906,East,Partners,Services
2023-05-17,5587.518220765283,East,Direct,Hardware
2023-09-04,8427.574974096071,West,Partners,Hardware
2023-08-31,3517.331846243313,South,Direct,Software
2023-01-31,9481.483171920097,North,Online,Hardware
2023-02-09,8860.02995551463,East,Partners,Hardware
2023-08-17,2455.8779021689866,South,Partners,Hardware
2023-02-05,8076.483610813851,East,Direct,Software
2023-08-11,6171.2864408599,East,Partners,Hardware
2023-01-06,6099.178259542768,North,Partners,Hardware
2023-11-18,4519.3848675235695,East,Online,Software
2023-08-08,5510.376992638087,North,Online,Hardware
2023-03-16,4574.608996862899,North,Direct,Hardware
2023-01-04,5857.593568839486,North,Online,Software
2023-12-01,6651.550474953722,South,Direct,Services
2023-05-14,7068.734257681435,West,Direct,Software
2023-04-28,5792.330733034835,South,Direct,Hardware
2023-04-04,7492.7986059585855,West,Partners,Hardware
2023-03-03,2271.5024434795523,West,Online,Hardware
2023-07-13,2907.8424181201467,North,Direct,Software
2023-12-01,8368.61503666843,East,Online,Hardware
2023-07-22,3902.7518006177365,North,Direct,Hardware
2023-01-26,1206.0444247850821,East,Online,Software
2023-06-22,2384.12034701228,West,Online,Services
2023-10-27,3012.529910466801,North,Direct,Services
2023-05-13,9615.905991051284,East,Partners,Hardware
2023-11-22,6157.3728603776435,South,Online,Software
2023-04-28,9394.576664286293,East,Partners,Hardware
2023-11-20,6176.4701544696245,North,Partners,Software
2023-10-02,5314.189961240666,South,Direct,Software
2023-07-31,3823.5492207468646,East,Direct,Services
2023-08-13,6457.33849990038,East,Direct,Services
2023-01-20,2252.7822215577685,East,Online,Software
2023-04-23,9084.354645634354,East,Direct,Hardware
2023-05-20,8463.991646271554,East,Direct,Services
2023-02-16,3857.783030890633,South,Online,Hardware
2023-01-01,9575.177748411648,West,Online,Services
2023-03-31,8426.806906740112,South,Direct,Services
2023-05-22,6996.761972515357,South,Direct,Hardware
2023-11-16,2095.8572001274733,South,Direct,Services
2023-02-07,5304.10620743265,West,Direct,Services
2023-10-20,5554.967993620758,North,Partners,Hardware
2023-05-19,3092.962225288421,West,Partners,Services
